Date,Time,PM2.5,PM2.5 AQI,,PM2.5 AQI
01-01-2023,1:00 AM,324.4,245,,238
01-01-2023,2:00 AM,366.8,240,,243
01-01-2023,3:00 AM,290.7,245,,250
01-01-2023,4:00 AM,245.4,252,,254
01-01-2023,5:00 AM,220.3,256,,259
01-01-2023,6:00 AM,180.2,261,,262
01-01-2023,7:00 AM,140,264,,264
01-01-2023,8:00 AM,125,266,,265
01-01-2023,9:00 AM,111,267,,265
01-01-2023,10:00 AM,112,267,,264
01-01-2023,11:00 AM,129.4,266,,263
01-01-2023,12:00 PM,184.1,265,,261
01-01-2023,1:00 PM,284.8,263,,261
01-01-2023,2:00 PM,372.3,263,,263
01-01-2023,3:00 PM,456.7,265,,270
01-01-2023,4:00 PM,404.8,272,,282
01-01-2023,5:00 PM,328.1,284,,290
01-01-2023,6:00 PM,274.4,292,,296
01-01-2023,7:00 PM,285,298,,299
01-01-2023,8:00 PM,354.9,301,,500
01-01-2023,9:00 PM,395.5,502,,500
01-01-2023,10:00 PM,392.7,502,,500
01-01-2023,11:00 PM,442.1,502,,500
01/01/2023 24:00 AM,,414.5,502,,500
02-01-2023,1:00 AM,391.2,502,,500
02-01-2023,2:00 AM,375.1,502,,500
02-01-2023,3:00 AM,310,502,,500
02-01-2023,4:00 AM,NoData,502,,500
02-01-2023,5:00 AM,NoData,502,,500
02-01-2023,6:00 AM,181.9,502,,500
02-01-2023,7:00 AM,152.5,502,,500
02-01-2023,8:00 AM,130.7,502,,500
02-01-2023,9:00 AM,127.8,502,,500
02-01-2023,10:00 AM,142.4,502,,500
02-01-2023,11:00 AM,190.3,502,,500
02-01-2023,12:00 PM,197.1,502,,500
02-01-2023,1:00 PM,243.1,502,,500
02-01-2023,2:00 PM,271.5,502,,500
02-01-2023,3:00 PM,246.1,502,,500
02-01-2023,4:00 PM,189.9,502,,500
02-01-2023,5:00 PM,162.1,502,,500
02-01-2023,6:00 PM,178.4,502,,500
02-01-2023,7:00 PM,201.5,502,,500
02-01-2023,8:00 PM,253.3,502,,500
02-01-2023,9:00 PM,289.7,502,,500
02-01-2023,10:00 PM,358,502,,298
02-01-2023,11:00 PM,380.7,300,,296
02/01/2023 24:00 AM,,300,298,,294
03-01-2023,1:00 AM,202.4,296,,288
03-01-2023,2:00 AM,150.5,290,,280
03-01-2023,3:00 AM,130.9,282,,270
03-01-2023,4:00 AM,128.8,272,,262
03-01-2023,5:00 AM,110.5,264,,258
03-01-2023,6:00 AM,92.2,260,,254
03-01-2023,7:00 AM,108,256,,250
03-01-2023,8:00 AM,93.9,252,,249
03-01-2023,9:00 AM,92.8,251,,247
03-01-2023,10:00 AM,107.9,249,,246
03-01-2023,11:00 AM,163.5,248,,244
03-01-2023,12:00 PM,186.9,246,,243
03-01-2023,1:00 PM,226.5,245,,243
03-01-2023,2:00 PM,233.1,245,,242
03-01-2023,3:00 PM,230.9,244,,240
03-01-2023,4:00 PM,172.2,242,,240
03-01-2023,5:00 PM,163.3,242,,239
03-01-2023,6:00 PM,180.1,241,,239
03-01-2023,7:00 PM,184.5,241,,239
03-01-2023,8:00 PM,235.5,241,,238
03-01-2023,9:00 PM,274.4,240,,238
03-01-2023,10:00 PM,321.2,240,,237
03-01-2023,11:00 PM,307.5,239,,236
03/01/2023 24:00 AM,,275,238,,233
04-01-2023,1:00 AM,303.3,235,,232
04-01-2023,2:00 AM,293.5,234,,236
04-01-2023,3:00 AM,282.8,238,,242
04-01-2023,4:00 AM,217.4,244,,248
04-01-2023,5:00 AM,127.8,250,,252
04-01-2023,6:00 AM,96.6,254,,252
04-01-2023,7:00 AM,91.3,254,,252
04-01-2023,8:00 AM,96.3,254,,252
04-01-2023,9:00 AM,101.5,254,,252
04-01-2023,10:00 AM,111.7,254,,252
04-01-2023,11:00 AM,168.6,254,,252
04-01-2023,12:00 PM,247.4,254,,253
04-01-2023,1:00 PM,309.7,255,,255
04-01-2023,2:00 PM,319,257,,258
04-01-2023,3:00 PM,NoData,260,,262
04-01-2023,4:00 PM,NoData,264,,261
04-01-2023,5:00 PM,NoData,263,,263
04-01-2023,6:00 PM,NoData,265,,265
04-01-2023,7:00 PM,NoData,267,,267
04-01-2023,8:00 PM,NoData,269,,269
04-01-2023,9:00 PM,NoData,271,,268
04-01-2023,10:00 PM,NoData,270,,NoData
04-01-2023,11:00 PM,NoData,#VALUE!,,NoData
04/01/2023 24:00 AM,,NoData,#VALUE!,,NoData
05-01-2023,1:00 AM,NoData,#VALUE!,,NoData
05-01-2023,2:00 AM,NoData,#VALUE!,,NoData
05-01-2023,3:00 AM,NoData,#VALUE!,,NoData
05-01-2023,4:00 AM,NoData,#VALUE!,,NoData
05-01-2023,5:00 AM,NoData,#VALUE!,,NoData
05-01-2023,6:00 AM,NoData,#VALUE!,,NoData
05-01-2023,7:00 AM,NoData,#VALUE!,,NoData
05-01-2023,8:00 AM,NoData,#VALUE!,,NoData
05-01-2023,9:00 AM,NoData,#VALUE!,,NoData
05-01-2023,10:00 AM,NoData,#VALUE!,,NoData
05-01-2023,11:00 AM,NoData,#VALUE!,,NoData
05-01-2023,12:00 PM,NoData,#VALUE!,,NoData
05-01-2023,1:00 PM,NoData,#VALUE!,,NoData
05-01-2023,2:00 PM,NoData,#VALUE!,,NoData
05-01-2023,3:00 PM,NoData,#VALUE!,,NoData
05-01-2023,4:00 PM,NoData,#VALUE!,,NoData
05-01-2023,5:00 PM,NoData,#VALUE!,,NoData
05-01-2023,6:00 PM,NoData,#VALUE!,,NoData
05-01-2023,7:00 PM,NoData,#VALUE!,,NoData
05-01-2023,8:00 PM,NoData,#VALUE!,,NoData
05-01-2023,9:00 PM,NoData,#VALUE!,,NoData
05-01-2023,10:00 PM,NoData,#VALUE!,,NoData
05-01-2023,11:00 PM,NoData,#VALUE!,,NoData
05/01/2023 24:00 AM,,NoData,#VALUE!,,NoData
06-01-2023,1:00 AM,NoData,#VALUE!,,NoData
06-01-2023,2:00 AM,NoData,#VALUE!,,NoData
06-01-2023,3:00 AM,NoData,#VALUE!,,NoData
06-01-2023,4:00 AM,NoData,#VALUE!,,NoData
06-01-2023,5:00 AM,NoData,#VALUE!,,NoData
06-01-2023,6:00 AM,NoData,#VALUE!,,NoData
06-01-2023,7:00 AM,NoData,#VALUE!,,NoData
06-01-2023,8:00 AM,NoData,#VALUE!,,NoData
06-01-2023,9:00 AM,NoData,#VALUE!,,NoData
06-01-2023,10:00 AM,NoData,#VALUE!,,NoData
06-01-2023,11:00 AM,NoData,#VALUE!,,NoData
06-01-2023,12:00 PM,NoData,#VALUE!,,NoData
06-01-2023,1:00 PM,NoData,#VALUE!,,NoData
06-01-2023,2:00 PM,NoData,#VALUE!,,NoData
06-01-2023,3:00 PM,NoData,#VALUE!,,NoData
06-01-2023,4:00 PM,NoData,#VALUE!,,NoData
06-01-2023,5:00 PM,NoData,#VALUE!,,NoData
06-01-2023,6:00 PM,NoData,#VALUE!,,NoData
06-01-2023,7:00 PM,NoData,#VALUE!,,NoData
06-01-2023,8:00 PM,NoData,#VALUE!,,NoData
06-01-2023,9:00 PM,NoData,#VALUE!,,NoData
06-01-2023,10:00 PM,NoData,#VALUE!,,NoData
06-01-2023,11:00 PM,NoData,#VALUE!,,NoData
06/01/2023 24:00 AM,,297.1,#VALUE!,,NoData
07-01-2023,1:00 AM,271,#VALUE!,,NoData
07-01-2023,2:00 AM,NoData,#VALUE!,,NoData
07-01-2023,3:00 AM,NoData,#VALUE!,,NoData
07-01-2023,4:00 AM,NoData,#VALUE!,,NoData
07-01-2023,5:00 AM,NoData,#VALUE!,,NoData
07-01-2023,6:00 AM,NoData,#VALUE!,,NoData
07-01-2023,7:00 AM,NoData,#VALUE!,,NoData
07-01-2023,8:00 AM,NoData,#VALUE!,,NoData
07-01-2023,9:00 AM,NoData,#VALUE!,,NoData
07-01-2023,10:00 AM,NoData,#VALUE!,,NoData
07-01-2023,11:00 AM,NoData,#VALUE!,,NoData
07-01-2023,12:00 PM,214.7,#VALUE!,,NoData
07-01-2023,1:00 PM,238.5,#VALUE!,,NoData
07-01-2023,2:00 PM,254.1,#VALUE!,,NoData
07-01-2023,3:00 PM,199.4,#VALUE!,,NoData
07-01-2023,4:00 PM,164.2,#VALUE!,,NoData
07-01-2023,5:00 PM,154,#VALUE!,,NoData
07-01-2023,6:00 PM,157.7,#VALUE!,,NoData
07-01-2023,7:00 PM,210.3,#VALUE!,,NoData
07-01-2023,8:00 PM,260.4,#VALUE!,,NoData
07-01-2023,9:00 PM,335.8,#VALUE!,,NoData
07-01-2023,10:00 PM,379.3,#VALUE!,,NoData
07-01-2023,11:00 PM,459.4,#VALUE!,,NoData
07/01/2023 24:00 AM,,398.1,#VALUE!,,NoData
08-01-2023,1:00 AM,397,#VALUE!,,NoData
08-01-2023,2:00 AM,353.7,#VALUE!,,NoData
08-01-2023,3:00 AM,306.4,#VALUE!,,NoData
08-01-2023,4:00 AM,254.3,#VALUE!,,NoData
08-01-2023,5:00 AM,203.1,#VALUE!,,NoData
08-01-2023,6:00 AM,176.7,#VALUE!,,500
08-01-2023,7:00 AM,173.4,502,,500
08-01-2023,8:00 AM,192.6,502,,500
08-01-2023,9:00 AM,203.3,502,,500
08-01-2023,10:00 AM,236.2,502,,500
08-01-2023,11:00 AM,265,502,,500
08-01-2023,12:00 PM,248.5,502,,500
08-01-2023,1:00 PM,211.8,502,,500
08-01-2023,2:00 PM,167.7,502,,500
08-01-2023,3:00 PM,149.9,502,,500
08-01-2023,4:00 PM,147,502,,500
08-01-2023,5:00 PM,133.3,502,,500
08-01-2023,6:00 PM,139.2,502,,500
08-01-2023,7:00 PM,171.6,502,,299
08-01-2023,8:00 PM,207.8,301,,297
08-01-2023,9:00 PM,233.2,299,,295
08-01-2023,10:00 PM,250.1,297,,291
08-01-2023,11:00 PM,265.5,293,,285
08/01/2023 24:00 AM,,269.7,287,,277
09-01-2023,1:00 AM,238.9,279,,272
09-01-2023,2:00 AM,251,274,,266
09-01-2023,3:00 AM,250,268,,261
09-01-2023,4:00 AM,235.4,263,,259
09-01-2023,5:00 AM,226.2,261,,258
09-01-2023,6:00 AM,217.7,260,,259
09-01-2023,7:00 AM,239.2,261,,261
09-01-2023,8:00 AM,229,263,,264
09-01-2023,9:00 AM,245.3,266,,265
09-01-2023,10:00 AM,274.8,267,,267
09-01-2023,11:00 AM,256.8,269,,268
09-01-2023,12:00 PM,235.4,270,,268
09-01-2023,1:00 PM,172.5,270,,268
09-01-2023,2:00 PM,148.4,270,,266
09-01-2023,3:00 PM,98.5,268,,265
09-01-2023,4:00 PM,77.5,267,,263
09-01-2023,5:00 PM,71.1,265,,260
09-01-2023,6:00 PM,75.2,262,,258
09-01-2023,7:00 PM,109,260,,255
09-01-2023,8:00 PM,167.3,257,,252
09-01-2023,9:00 PM,242.2,254,,251
09-01-2023,10:00 PM,294,253,,251
09-01-2023,11:00 PM,238.8,253,,253
09/01/2023 24:00 AM,,221.3,255,,252
10-01-2023,1:00 AM,210.9,254,,250
10-01-2023,2:00 AM,207.1,252,,249
10-01-2023,3:00 AM,180,251,,247
10-01-2023,4:00 AM,167.7,249,,244
10-01-2023,5:00 AM,164.5,246,,241
10-01-2023,6:00 AM,171.1,243,,239
10-01-2023,7:00 AM,172.2,241,,237
10-01-2023,8:00 AM,176.3,239,,234
10-01-2023,9:00 AM,195.8,236,,232
10-01-2023,10:00 AM,204.9,234,,230
10-01-2023,11:00 AM,188.5,232,,227
10-01-2023,12:00 PM,164.4,229,,224
10-01-2023,1:00 PM,127.2,226,,221
10-01-2023,2:00 PM,114.5,223,,219
10-01-2023,3:00 PM,92.4,221,,218
10-01-2023,4:00 PM,82.2,220,,218
10-01-2023,5:00 PM,57.6,220,,218
10-01-2023,6:00 PM,67.7,220,,217
10-01-2023,7:00 PM,92.1,219,,217
10-01-2023,8:00 PM,126.3,219,,216
10-01-2023,9:00 PM,189.3,218,,214
10-01-2023,10:00 PM,219.3,216,,212
10-01-2023,11:00 PM,192.2,214,,209
10/01/2023 24:00 AM,,152.8,211,,207
11-01-2023,1:00 AM,120.3,209,,204
11-01-2023,2:00 AM,98.5,206,,201
11-01-2023,3:00 AM,118.9,203,,197
11-01-2023,4:00 AM,117.6,199,,195
11-01-2023,5:00 AM,112.5,197,,194
11-01-2023,6:00 AM,119.1,196,,193
11-01-2023,7:00 AM,120.9,195,,192
11-01-2023,8:00 AM,134.5,194,,190
11-01-2023,9:00 AM,142.7,192,,189
11-01-2023,10:00 AM,165.9,191,,188
11-01-2023,11:00 AM,161.7,190,,187
11-01-2023,12:00 PM,128.8,189,,187
11-01-2023,1:00 PM,111.4,189,,186
11-01-2023,2:00 PM,102.2,188,,185
11-01-2023,3:00 PM,76.9,187,,185
11-01-2023,4:00 PM,61.1,187,,185
11-01-2023,5:00 PM,63.6,187,,184
11-01-2023,6:00 PM,73.5,186,,184
11-01-2023,7:00 PM,96.4,186,,184
11-01-2023,8:00 PM,133.2,186,,185
11-01-2023,9:00 PM,181.7,187,,185
11-01-2023,10:00 PM,232.2,187,,185
11-01-2023,11:00 PM,208.1,187,,185
11/01/2023 24:00 AM,,223.6,187,,185
12-01-2023,1:00 AM,229.9,187,,187
12-01-2023,2:00 AM,202.4,189,,190
12-01-2023,3:00 AM,222.3,192,,192
12-01-2023,4:00 AM,226.2,194,,195
12-01-2023,5:00 AM,215,197,,197
12-01-2023,6:00 AM,222.8,199,,201
12-01-2023,7:00 AM,326.2,203,,205
12-01-2023,8:00 AM,246.9,207,,214
12-01-2023,9:00 AM,234.3,216,,218
12-01-2023,10:00 AM,277.7,220,,222
12-01-2023,11:00 AM,228.8,224,,227
12-01-2023,12:00 PM,198.4,229,,230
12-01-2023,1:00 PM,173.5,232,,232
12-01-2023,2:00 PM,126.6,234,,235
12-01-2023,3:00 PM,138.3,237,,236
12-01-2023,4:00 PM,183.1,238,,239
12-01-2023,5:00 PM,155.4,241,,244
12-01-2023,6:00 PM,132.9,246,,247
12-01-2023,7:00 PM,134.1,249,,250
12-01-2023,8:00 PM,181.9,252,,251
12-01-2023,9:00 PM,259.1,253,,253
12-01-2023,10:00 PM,366.7,255,,257
12-01-2023,11:00 PM,361.4,259,,262
12/01/2023 24:00 AM,,338,264,,268
13-01-2023,1:00 AM,320.9,270,,273
13-01-2023,2:00 AM,278.3,275,,277
13-01-2023,3:00 AM,269.8,279,,280
13-01-2023,4:00 AM,278.7,282,,282
13-01-2023,5:00 AM,259.2,284,,284
13-01-2023,6:00 AM,234.1,286,,286
13-01-2023,7:00 AM,236.7,288,,286
13-01-2023,8:00 AM,245.9,288,,283
13-01-2023,9:00 AM,247.2,285,,283
13-01-2023,10:00 AM,279.6,285,,283
13-01-2023,11:00 AM,294.1,285,,283
13-01-2023,12:00 PM,195.5,285,,286
13-01-2023,1:00 PM,161.7,288,,286
13-01-2023,2:00 PM,172.7,288,,285
13-01-2023,3:00 PM,195.8,287,,287
13-01-2023,4:00 PM,181,289,,290
13-01-2023,5:00 PM,200.8,292,,290
13-01-2023,6:00 PM,281,292,,292
13-01-2023,7:00 PM,325.6,294,,298
13-01-2023,8:00 PM,362.9,300,,500
13-01-2023,9:00 PM,391.2,502,,500
13-01-2023,10:00 PM,426.9,502,,500
13-01-2023,11:00 PM,494.1,502,,500
13/01/2023 24:00 AM,,511.7,502,,500
14-01-2023,1:00 AM,545,502,,500
14-01-2023,2:00 AM,474.5,502,,500
14-01-2023,3:00 AM,463,502,,500
14-01-2023,4:00 AM,407.9,502,,500
14-01-2023,5:00 AM,377.3,502,,500
14-01-2023,6:00 AM,353.6,502,,500
14-01-2023,7:00 AM,331.1,502,,500
14-01-2023,8:00 AM,275.1,502,,500
14-01-2023,9:00 AM,249.1,502,,500
14-01-2023,10:00 AM,250,502,,500
14-01-2023,11:00 AM,NoData,502,,500
14-01-2023,12:00 PM,NoData,502,,500
14-01-2023,1:00 PM,NoData,502,,500
14-01-2023,2:00 PM,NoData,502,,500
14-01-2023,3:00 PM,NoData,502,,500
14-01-2023,4:00 PM,NoData,502,,500
14-01-2023,5:00 PM,NoData,502,,500
14-01-2023,6:00 PM,204.9,502,,NoData
14-01-2023,7:00 PM,221.3,#VALUE!,,NoData
14-01-2023,8:00 PM,266.4,#VALUE!,,NoData
14-01-2023,9:00 PM,259.9,#VALUE!,,NoData
14-01-2023,10:00 PM,290.9,#VALUE!,,NoData
14-01-2023,11:00 PM,368.2,#VALUE!,,NoData
14/01/2023 24:00 AM,,345.6,#VALUE!,,NoData
15-01-2023,1:00 AM,378.2,#VALUE!,,NoData
15-01-2023,2:00 AM,325.8,#VALUE!,,NoData
15-01-2023,3:00 AM,341.5,#VALUE!,,NoData
15-01-2023,4:00 AM,406,#VALUE!,,NoData
15-01-2023,5:00 AM,416.3,#VALUE!,,NoData
15-01-2023,6:00 AM,360.9,#VALUE!,,NoData
15-01-2023,7:00 AM,319.7,#VALUE!,,NoData
15-01-2023,8:00 AM,330.8,#VALUE!,,NoData
15-01-2023,9:00 AM,344.3,#VALUE!,,NoData
15-01-2023,10:00 AM,378.7,#VALUE!,,NoData
15-01-2023,11:00 AM,395.5,#VALUE!,,NoData
15-01-2023,12:00 PM,307.6,#VALUE!,,500
15-01-2023,1:00 PM,301.2,502,,500
15-01-2023,2:00 PM,283.3,502,,500
15-01-2023,3:00 PM,186.1,502,,500
15-01-2023,4:00 PM,143.8,502,,500
15-01-2023,5:00 PM,113.2,502,,500
15-01-2023,6:00 PM,116.3,502,,500
15-01-2023,7:00 PM,122.9,502,,500
15-01-2023,8:00 PM,151.1,502,,500
15-01-2023,9:00 PM,196.8,502,,500
15-01-2023,10:00 PM,223.2,502,,500
15-01-2023,11:00 PM,241.3,502,,500
15/01/2023 24:00 AM,,261.3,502,,500
16-01-2023,1:00 AM,276.9,502,,500
16-01-2023,2:00 AM,264.7,502,,500
16-01-2023,3:00 AM,303.3,502,,500
16-01-2023,4:00 AM,322.1,502,,500
16-01-2023,5:00 AM,323.3,502,,500
16-01-2023,6:00 AM,313.2,502,,500
16-01-2023,7:00 AM,301.2,502,,500
16-01-2023,8:00 AM,289.8,502,,500
16-01-2023,9:00 AM,287.7,502,,500
16-01-2023,10:00 AM,300.7,502,,500
16-01-2023,11:00 AM,333.8,502,,500
16-01-2023,12:00 PM,NoData,502,,NoData
16-01-2023,1:00 PM,NoData,#VALUE!,,295
16-01-2023,2:00 PM,205.7,297,,292
16-01-2023,3:00 PM,188.4,294,,289
16-01-2023,4:00 PM,179.7,291,,289
16-01-2023,5:00 PM,178.8,291,,290
16-01-2023,6:00 PM,212.4,292,,293
16-01-2023,7:00 PM,180.6,295,,298
16-01-2023,8:00 PM,205,300,,500
16-01-2023,9:00 PM,259.1,502,,500
16-01-2023,10:00 PM,299.9,502,,500
16-01-2023,11:00 PM,314.1,502,,500
16/01/2023 24:00 AM,,355.2,502,,500
17-01-2023,1:00 AM,368.9,502,,500
17-01-2023,2:00 AM,341.4,502,,500
17-01-2023,3:00 AM,331.4,502,,500
17-01-2023,4:00 AM,309.3,502,,500
17-01-2023,5:00 AM,286.7,502,,500
17-01-2023,6:00 AM,282.1,502,,500
17-01-2023,7:00 AM,270.1,502,,500
17-01-2023,8:00 AM,258.5,502,,500
17-01-2023,9:00 AM,253,502,,500
17-01-2023,10:00 AM,267.9,502,,500
17-01-2023,11:00 AM,293,502,,500
17-01-2023,12:00 PM,306.3,502,,500
17-01-2023,1:00 PM,307.2,502,,500
17-01-2023,2:00 PM,268.8,502,,500
17-01-2023,3:00 PM,234.7,502,,500
17-01-2023,4:00 PM,163.8,502,,500
17-01-2023,5:00 PM,121.3,502,,500
17-01-2023,6:00 PM,98.7,502,,500
17-01-2023,7:00 PM,82.5,502,,500
17-01-2023,8:00 PM,89.9,502,,500
17-01-2023,9:00 PM,101.2,502,,500
17-01-2023,10:00 PM,91,502,,299
17-01-2023,11:00 PM,86.7,301,,290
17/01/2023 24:00 AM,,33.7,292,,281
18-01-2023,1:00 AM,53.9,283,,268
18-01-2023,2:00 AM,26.3,270,,255
18-01-2023,3:00 AM,18.1,257,,242
18-01-2023,4:00 AM,31.5,244,,229
18-01-2023,5:00 AM,24.9,231,,217
18-01-2023,6:00 AM,23.7,219,,206
18-01-2023,7:00 AM,32.5,208,,197
18-01-2023,8:00 AM,26.1,199,,191
18-01-2023,9:00 AM,29,193,,185
18-01-2023,10:00 AM,42.7,187,,180
18-01-2023,11:00 AM,51.6,182,,174
18-01-2023,12:00 PM,59.9,176,,169
18-01-2023,1:00 PM,72.8,171,,163
18-01-2023,2:00 PM,94.3,165,,157
18-01-2023,3:00 PM,70.7,159,,153
18-01-2023,4:00 PM,52.2,155,,146
18-01-2023,5:00 PM,28.7,148,,137
18-01-2023,6:00 PM,25.4,139,,129
18-01-2023,7:00 PM,30.7,131,,123
18-01-2023,8:00 PM,39.7,125,,119
18-01-2023,9:00 PM,50.2,121,,115
18-01-2023,10:00 PM,79.4,117,,110
18-01-2023,11:00 PM,85.1,112,,109
18/01/2023 24:00 AM,,98.4,111,,109
19-01-2023,1:00 AM,91.1,111,,115
19-01-2023,2:00 AM,94.2,117,,118
19-01-2023,3:00 AM,110.3,120,,123
19-01-2023,4:00 AM,113.8,125,,131
19-01-2023,5:00 AM,111.7,133,,138
19-01-2023,6:00 AM,121.1,140,,145
19-01-2023,7:00 AM,121,147,,151
19-01-2023,8:00 AM,108.7,153,,153
19-01-2023,9:00 AM,118.5,155,,155
19-01-2023,10:00 AM,138.9,157,,157
19-01-2023,11:00 AM,150.6,159,,160
19-01-2023,12:00 PM,143.1,162,,162
19-01-2023,1:00 PM,104.6,164,,164
19-01-2023,2:00 PM,84.7,166,,165
19-01-2023,3:00 PM,54.6,167,,165
19-01-2023,4:00 PM,50.2,167,,164
19-01-2023,5:00 PM,52.6,166,,164
19-01-2023,6:00 PM,48.4,166,,165
19-01-2023,7:00 PM,68.4,167,,165
19-01-2023,8:00 PM,102,167,,166
19-01-2023,9:00 PM,143.3,168,,168
19-01-2023,10:00 PM,170.6,170,,170
19-01-2023,11:00 PM,140.6,172,,172
19/01/2023 24:00 AM,,149,174,,173
20-01-2023,1:00 AM,161,175,,175
20-01-2023,2:00 AM,135.6,177,,176
20-01-2023,3:00 AM,141.5,178,,177
20-01-2023,4:00 AM,121.4,179,,178
20-01-2023,5:00 AM,113.4,180,,178
20-01-2023,6:00 AM,104.7,180,,178
20-01-2023,7:00 AM,100.6,180,,178
20-01-2023,8:00 AM,94.7,180,,177
20-01-2023,9:00 AM,91.7,179,,177
20-01-2023,10:00 AM,101.8,179,,176
20-01-2023,11:00 AM,113.3,178,,175
20-01-2023,12:00 PM,128.9,177,,175
20-01-2023,1:00 PM,112.6,177,,174
20-01-2023,2:00 PM,92.7,176,,174
20-01-2023,3:00 PM,74.5,176,,175
20-01-2023,4:00 PM,67.6,177,,175
20-01-2023,5:00 PM,63.3,177,,176
20-01-2023,6:00 PM,67.1,178,,176
20-01-2023,7:00 PM,69.1,178,,176
20-01-2023,8:00 PM,86.2,178,,176
20-01-2023,9:00 PM,119.5,178,,176
20-01-2023,10:00 PM,164.5,178,,175
20-01-2023,11:00 PM,132.5,177,,175
20/01/2023 24:00 AM,,124.8,177,,175
21-01-2023,1:00 AM,108.6,177,,174
21-01-2023,2:00 AM,114.6,176,,173
21-01-2023,3:00 AM,95.1,175,,173
21-01-2023,4:00 AM,84.4,175,,171
21-01-2023,5:00 AM,90.6,173,,171
21-01-2023,6:00 AM,98.2,173,,170
21-01-2023,7:00 AM,103.6,172,,170
21-01-2023,8:00 AM,139.1,172,,170
21-01-2023,9:00 AM,167.6,172,,171
21-01-2023,10:00 AM,174.4,173,,173
21-01-2023,11:00 AM,165.3,175,,175
21-01-2023,12:00 PM,141,177,,176
21-01-2023,1:00 PM,125.5,178,,176
21-01-2023,2:00 PM,103.9,178,,176
21-01-2023,3:00 PM,74.9,178,,177
21-01-2023,4:00 PM,59.8,179,,177
21-01-2023,5:00 PM,57.4,179,,177
21-01-2023,6:00 PM,63.3,179,,176
21-01-2023,7:00 PM,70.5,178,,176
21-01-2023,8:00 PM,119.1,178,,176
21-01-2023,9:00 PM,177.3,178,,177
21-01-2023,10:00 PM,219.7,179,,179
21-01-2023,11:00 PM,229.6,181,,180
21/01/2023 24:00 AM,,237.9,182,,182
22-01-2023,1:00 AM,234.8,184,,185
22-01-2023,2:00 AM,218.6,187,,188
22-01-2023,3:00 AM,211.3,190,,190
22-01-2023,4:00 AM,189.4,192,,193
22-01-2023,5:00 AM,180.4,195,,196
22-01-2023,6:00 AM,158.4,198,,198
22-01-2023,7:00 AM,151.2,200,,201
22-01-2023,8:00 AM,169.5,203,,202
22-01-2023,9:00 AM,216.2,204,,204
22-01-2023,10:00 AM,238.6,206,,206
22-01-2023,11:00 AM,150.4,208,,208
22-01-2023,12:00 PM,115.7,210,,208
22-01-2023,1:00 PM,96.8,210,,207
22-01-2023,2:00 PM,79.1,209,,206
22-01-2023,3:00 PM,66.7,208,,205
22-01-2023,4:00 PM,64.5,207,,204
22-01-2023,5:00 PM,85.5,206,,204
22-01-2023,6:00 PM,99.4,206,,206
22-01-2023,7:00 PM,121.4,208,,207
22-01-2023,8:00 PM,181.7,209,,209
22-01-2023,9:00 PM,275.9,211,,212
22-01-2023,10:00 PM,374.9,214,,216
22-01-2023,11:00 PM,332,218,,222
22/01/2023 24:00 AM,,291,224,,226
23-01-2023,1:00 AM,265.8,228,,229
23-01-2023,2:00 AM,278.5,231,,230
23-01-2023,3:00 AM,311.5,232,,232
23-01-2023,4:00 AM,334.8,234,,237
23-01-2023,5:00 AM,390.1,239,,243
23-01-2023,6:00 AM,455.7,245,,251
23-01-2023,7:00 AM,337,253,,263
23-01-2023,8:00 AM,285.6,265,,271
23-01-2023,9:00 AM,280.9,273,,276
23-01-2023,10:00 AM,294.6,278,,279
23-01-2023,11:00 AM,318.7,281,,281
23-01-2023,12:00 PM,223,283,,288
23-01-2023,1:00 PM,143.2,290,,292
23-01-2023,2:00 PM,106.6,294,,294
23-01-2023,3:00 PM,88.3,296,,295
23-01-2023,4:00 PM,91.5,297,,296
23-01-2023,5:00 PM,84.8,298,,297
23-01-2023,6:00 PM,82.3,299,,297
23-01-2023,7:00 PM,89.5,299,,297
23-01-2023,8:00 PM,140,299,,295
23-01-2023,9:00 PM,220.3,297,,294
23-01-2023,10:00 PM,266.4,296,,291
23-01-2023,11:00 PM,313,293,,287
23/01/2023 24:00 AM,,354.3,289,,286
24-01-2023,1:00 AM,395.7,288,,289
24-01-2023,2:00 AM,378.5,291,,294
24-01-2023,3:00 AM,353.2,296,,298
24-01-2023,4:00 AM,277.1,300,,500
24-01-2023,5:00 AM,263.9,502,,297
24-01-2023,6:00 AM,248.6,299,,292
24-01-2023,7:00 AM,229.4,294,,284
24-01-2023,8:00 AM,212.8,286,,279
24-01-2023,9:00 AM,255.5,281,,276
24-01-2023,10:00 AM,196.3,278,,275
24-01-2023,11:00 AM,188.4,277,,271
24-01-2023,12:00 PM,190.2,273,,266
24-01-2023,1:00 PM,144.1,268,,264
24-01-2023,2:00 PM,181.3,266,,264
24-01-2023,3:00 PM,144.1,266,,268
24-01-2023,4:00 PM,116.5,270,,270
24-01-2023,5:00 PM,85.3,272,,271
24-01-2023,6:00 PM,89.8,273,,271
24-01-2023,7:00 PM,103.8,273,,271
24-01-2023,8:00 PM,169.7,273,,272
24-01-2023,9:00 PM,234.7,274,,273
24-01-2023,10:00 PM,293.1,275,,274
24-01-2023,11:00 PM,268.7,276,,275
24/01/2023 24:00 AM,,263.9,277,,273
25-01-2023,1:00 AM,249.8,275,,269
25-01-2023,2:00 AM,250.1,271,,263
25-01-2023,3:00 AM,285.6,265,,258
25-01-2023,4:00 AM,227.8,260,,255
25-01-2023,5:00 AM,213.2,257,,253
25-01-2023,6:00 AM,216.7,255,,251
25-01-2023,7:00 AM,227,253,,250
25-01-2023,8:00 AM,240.5,252,,250
25-01-2023,9:00 AM,258.8,252,,251
25-01-2023,10:00 AM,241.6,253,,251
25-01-2023,11:00 AM,207.7,253,,253
25-01-2023,12:00 PM,162,255,,253
25-01-2023,1:00 PM,121.9,255,,252
25-01-2023,2:00 PM,81.8,254,,251
25-01-2023,3:00 PM,66.4,253,,247
25-01-2023,4:00 PM,58.3,249,,244
25-01-2023,5:00 PM,50.8,246,,242
25-01-2023,6:00 PM,62.9,244,,240
25-01-2023,7:00 PM,91,242,,239
25-01-2023,8:00 PM,146.1,241,,239
25-01-2023,9:00 PM,197.6,241,,238
25-01-2023,10:00 PM,221,240,,236
25-01-2023,11:00 PM,255.6,238,,233
25/01/2023 24:00 AM,,210.1,235,,233
26-01-2023,1:00 AM,185.4,235,,230
26-01-2023,2:00 AM,175.8,232,,228
26-01-2023,3:00 AM,160.1,230,,225
26-01-2023,4:00 AM,148.6,227,,219
26-01-2023,5:00 AM,143.9,221,,216
26-01-2023,6:00 AM,143.6,218,,213
26-01-2023,7:00 AM,152.4,215,,210
26-01-2023,8:00 AM,173.5,212,,207
26-01-2023,9:00 AM,212.9,209,,204
26-01-2023,10:00 AM,135.7,206,,203
26-01-2023,11:00 AM,118.6,205,,198
26-01-2023,12:00 PM,113.9,200,,196
26-01-2023,1:00 PM,112,198,,195
26-01-2023,2:00 PM,99,197,,194
26-01-2023,3:00 PM,86.1,196,,195
26-01-2023,4:00 PM,87.2,197,,195
26-01-2023,5:00 PM,89.4,197,,196
26-01-2023,6:00 PM,82.9,198,,197
26-01-2023,7:00 PM,104.5,199,,197
26-01-2023,8:00 PM,239.7,199,,198
26-01-2023,9:00 PM,247,200,,202
26-01-2023,10:00 PM,229.8,204,,204
26-01-2023,11:00 PM,182.7,206,,204
26/01/2023 24:00 AM,,236.6,206,,201
27-01-2023,1:00 AM,157.3,203,,202
27-01-2023,2:00 AM,162.2,204,,201
27-01-2023,3:00 AM,177.4,203,,200
27-01-2023,4:00 AM,170.4,202,,201
27-01-2023,5:00 AM,175.1,203,,202
27-01-2023,6:00 AM,165.2,204,,203
27-01-2023,7:00 AM,178.4,205,,204
27-01-2023,8:00 AM,156.4,206,,205
27-01-2023,9:00 AM,139.6,207,,205
27-01-2023,10:00 AM,184.7,207,,202
27-01-2023,11:00 AM,193.1,204,,204
27-01-2023,12:00 PM,178.3,206,,207
27-01-2023,1:00 PM,131.8,209,,209
27-01-2023,2:00 PM,126.8,211,,210
27-01-2023,3:00 PM,98.8,212,,211
27-01-2023,4:00 PM,95.7,213,,212
27-01-2023,5:00 PM,90.7,214,,212
27-01-2023,6:00 PM,74.3,214,,212
27-01-2023,7:00 PM,80.3,214,,212
27-01-2023,8:00 PM,114.8,214,,211
27-01-2023,9:00 PM,174.6,213,,206
27-01-2023,10:00 PM,185,208,,203
27-01-2023,11:00 PM,223.7,205,,201
27/01/2023 24:00 AM,,221.1,203,,203
28-01-2023,1:00 AM,233.9,205,,202
28-01-2023,2:00 AM,221.4,204,,205
28-01-2023,3:00 AM,236.8,207,,208
28-01-2023,4:00 AM,205.8,210,,210
28-01-2023,5:00 AM,163.4,212,,211
28-01-2023,6:00 AM,141.9,213,,211
28-01-2023,7:00 AM,129,213,,210
28-01-2023,8:00 AM,143.1,212,,208
28-01-2023,9:00 AM,158.5,210,,207
28-01-2023,10:00 AM,175.3,209,,208
28-01-2023,11:00 AM,140.5,210,,208
28-01-2023,12:00 PM,144.8,210,,206
28-01-2023,1:00 PM,116.8,208,,204
28-01-2023,2:00 PM,115.2,206,,204
28-01-2023,3:00 PM,128.6,206,,203
28-01-2023,4:00 PM,108.7,205,,204
28-01-2023,5:00 PM,95.2,206,,205
28-01-2023,6:00 PM,122.8,207,,205
28-01-2023,7:00 PM,119.1,207,,207
28-01-2023,8:00 PM,269.2,209,,209
28-01-2023,9:00 PM,278.3,211,,215
28-01-2023,10:00 PM,205.7,217,,219
28-01-2023,11:00 PM,216.8,221,,220
28/01/2023 24:00 AM,,243.5,222,,220
29-01-2023,1:00 AM,288.2,222,,221
29-01-2023,2:00 AM,306.1,223,,223
29-01-2023,3:00 AM,337.7,225,,227
29-01-2023,4:00 AM,256.6,229,,231
29-01-2023,5:00 AM,257.3,233,,233
29-01-2023,6:00 AM,329.5,235,,237
29-01-2023,7:00 AM,229.5,239,,244
29-01-2023,8:00 AM,350.6,246,,249
29-01-2023,9:00 AM,326.7,251,,257
29-01-2023,10:00 AM,253.8,259,,264
29-01-2023,11:00 AM,202.3,266,,267
29-01-2023,12:00 PM,227.7,269,,270
29-01-2023,1:00 PM,172.9,272,,273
29-01-2023,2:00 PM,181.4,275,,276
29-01-2023,3:00 PM,145.3,278,,278
29-01-2023,4:00 PM,110.4,280,,279
29-01-2023,5:00 PM,102.7,281,,279
29-01-2023,6:00 PM,112.3,281,,279
29-01-2023,7:00 PM,132.5,281,,279
29-01-2023,8:00 PM,205.3,281,,280
29-01-2023,9:00 PM,420.4,282,,277
29-01-2023,10:00 PM,332.1,279,,283
29-01-2023,11:00 PM,392.8,285,,288
29/01/2023 24:00 AM,,358.9,290,,295
30-01-2023,1:00 AM,292.2,297,,500
30-01-2023,2:00 AM,244.7,502,,500
30-01-2023,3:00 AM,257.9,502,,298
30-01-2023,4:00 AM,307.1,300,,294
30-01-2023,5:00 AM,293.7,296,,296
30-01-2023,6:00 AM,274.9,298,,298
30-01-2023,7:00 AM,232.2,300,,296
30-01-2023,8:00 AM,199.4,298,,296
30-01-2023,9:00 AM,220.3,298,,290
30-01-2023,10:00 AM,244.6,292,,285
30-01-2023,11:00 AM,200,287,,285
30-01-2023,12:00 PM,187.6,287,,285
30-01-2023,1:00 PM,183.4,287,,283
30-01-2023,2:00 PM,187,285,,284
30-01-2023,3:00 PM,181.7,286,,284
30-01-2023,4:00 PM,277.2,286,,285
30-01-2023,5:00 PM,240,287,,292
30-01-2023,6:00 PM,214.4,294,,298
30-01-2023,7:00 PM,207.8,300,,500
30-01-2023,8:00 PM,221.1,502,,500
30-01-2023,9:00 PM,270.3,502,,500
30-01-2023,10:00 PM,384.6,502,,500
30-01-2023,11:00 PM,377.5,502,,500
30/01/2023 24:00 AM,,344.3,502,,500
31-01-2023,1:00 AM,322.7,502,,500
31-01-2023,2:00 AM,331.9,502,,500
31-01-2023,3:00 AM,346.3,502,,500
31-01-2023,4:00 AM,388,502,,500
31-01-2023,5:00 AM,361.8,502,,500
31-01-2023,6:00 AM,334.1,502,,500
31-01-2023,7:00 AM,338.8,502,,500
31-01-2023,8:00 AM,387,502,,500
31-01-2023,9:00 AM,379.4,502,,500
31-01-2023,10:00 AM,458.6,502,,500
31-01-2023,11:00 AM,569.6,502,,500
31-01-2023,12:00 PM,411.8,502,,500
31-01-2023,1:00 PM,330.6,502,,500
31-01-2023,2:00 PM,125.9,502,,500
31-01-2023,3:00 PM,204,502,,500
31-01-2023,4:00 PM,239.2,502,,500
31-01-2023,5:00 PM,200.8,502,,500
31-01-2023,6:00 PM,170.3,502,,500
31-01-2023,7:00 PM,152.9,502,,500
31-01-2023,8:00 PM,219.1,502,,500
31-01-2023,9:00 PM,265.4,502,,500
31-01-2023,10:00 PM,345.8,502,,500
31-01-2023,11:00 PM,372.5,502,,500
31/01/2023 24:00 AM,,417.2,502,,500
01-02-2023,1:00 AM,436.6,502,,500
01-02-2023,2:00 AM,483.8,502,,500
01-02-2023,3:00 AM,498.2,502,,500
01-02-2023,4:00 AM,554,502,,500
01-02-2023,5:00 AM,577.9,502,,500
01-02-2023,6:00 AM,543.3,502,,500
01-02-2023,7:00 AM,445.7,502,,500
01-02-2023,8:00 AM,453.2,502,,500
01-02-2023,9:00 AM,418.5,502,,500
01-02-2023,10:00 AM,265.6,502,,500
01-02-2023,11:00 AM,200.4,502,,500
01-02-2023,12:00 PM,257.9,502,,500
01-02-2023,1:00 PM,289,502,,500
01-02-2023,2:00 PM,215.8,502,,500
01-02-2023,3:00 PM,219.2,502,,500
01-02-2023,4:00 PM,132.8,502,,500
01-02-2023,5:00 PM,143.5,502,,500
01-02-2023,6:00 PM,150.5,502,,500
01-02-2023,7:00 PM,173,502,,500
01-02-2023,8:00 PM,229.7,502,,500
01-02-2023,9:00 PM,287.6,502,,500
01-02-2023,10:00 PM,300.4,502,,500
01-02-2023,11:00 PM,364.9,502,,500
01/02/2023 24:00 AM,,343.5,502,,500
02-02-2023,1:00 AM,407.2,502,,500
02-02-2023,2:00 AM,446.5,502,,500
02-02-2023,3:00 AM,450,502,,500
02-02-2023,4:00 AM,410.2,502,,500
02-02-2023,5:00 AM,385.7,502,,500
02-02-2023,6:00 AM,366.6,502,,500
02-02-2023,7:00 AM,337.1,502,,500
02-02-2023,8:00 AM,337.8,502,,500
02-02-2023,9:00 AM,322.8,502,,500
02-02-2023,10:00 AM,319.2,502,,500
02-02-2023,11:00 AM,303.4,502,,500
02-02-2023,12:00 PM,231.4,502,,500
02-02-2023,1:00 PM,221.6,502,,500
02-02-2023,2:00 PM,203.5,502,,500
02-02-2023,3:00 PM,195,502,,500
02-02-2023,4:00 PM,166.9,502,,500
02-02-2023,5:00 PM,137.8,502,,500
02-02-2023,6:00 PM,110,502,,500
02-02-2023,7:00 PM,116.4,502,,500
02-02-2023,8:00 PM,196,502,,500
02-02-2023,9:00 PM,165.3,502,,500
02-02-2023,10:00 PM,263.7,502,,500
02-02-2023,11:00 PM,321.8,502,,500
02/02/2023 24:00 AM,,294.5,502,,500
03-02-2023,1:00 AM,317.7,502,,500
03-02-2023,2:00 AM,350.4,502,,500
03-02-2023,3:00 AM,313.2,502,,500
03-02-2023,4:00 AM,262.4,502,,500
03-02-2023,5:00 AM,242.9,502,,500
03-02-2023,6:00 AM,252.8,502,,500
03-02-2023,7:00 AM,237.4,502,,298
03-02-2023,8:00 AM,228.9,300,,294
03-02-2023,9:00 AM,217.6,296,,289
03-02-2023,10:00 AM,248,291,,285
03-02-2023,11:00 AM,208.4,287,,282
03-02-2023,12:00 PM,183.5,284,,278
03-02-2023,1:00 PM,121.6,280,,276
03-02-2023,2:00 PM,78.1,278,,272
03-02-2023,3:00 PM,78.8,274,,267
03-02-2023,4:00 PM,67,269,,262
03-02-2023,5:00 PM,105.6,264,,258
03-02-2023,6:00 PM,97.5,260,,257
03-02-2023,7:00 PM,66.4,259,,256
03-02-2023,8:00 PM,73.8,258,,254
03-02-2023,9:00 PM,112.1,256,,249
03-02-2023,10:00 PM,139.7,251,,247
03-02-2023,11:00 PM,148.9,249,,242
03/02/2023 24:00 AM,,146.1,244,,235
04-02-2023,1:00 AM,137,237,,228
04-02-2023,2:00 AM,177.3,230,,221
04-02-2023,3:00 AM,195.2,223,,214
04-02-2023,4:00 AM,210.6,216,,209
04-02-2023,5:00 AM,208.1,211,,207
04-02-2023,6:00 AM,246.7,209,,205
04-02-2023,7:00 AM,231,207,,205
04-02-2023,8:00 AM,242.9,207,,205
04-02-2023,9:00 AM,229.4,207,,205
04-02-2023,10:00 AM,233.7,207,,206
04-02-2023,11:00 AM,218.8,208,,205
04-02-2023,12:00 PM,252.3,207,,206
04-02-2023,1:00 PM,372.9,208,,209
04-02-2023,2:00 PM,229.1,211,,219
04-02-2023,3:00 PM,211.9,221,,225
04-02-2023,4:00 PM,140.9,227,,231
04-02-2023,5:00 PM,60.5,233,,234
04-02-2023,6:00 PM,41.4,236,,232
04-02-2023,7:00 PM,46.2,234,,230
04-02-2023,8:00 PM,49.7,232,,229
04-02-2023,9:00 PM,59.2,231,,228
04-02-2023,10:00 PM,62.6,230,,226
04-02-2023,11:00 PM,69.6,228,,222
04/02/2023 24:00 AM,,64.2,224,,219
05-02-2023,1:00 AM,68.2,221,,216
05-02-2023,2:00 AM,83.2,218,,213
05-02-2023,3:00 AM,85.9,215,,209
05-02-2023,4:00 AM,86.3,211,,205
05-02-2023,5:00 AM,103.1,207,,199
05-02-2023,6:00 AM,105.1,201,,196
05-02-2023,7:00 AM,105.8,198,,193
05-02-2023,8:00 AM,90.9,195,,190
05-02-2023,9:00 AM,88.3,192,,186
05-02-2023,10:00 AM,67,188,,183
05-02-2023,11:00 AM,80.2,185,,179
05-02-2023,12:00 PM,82.1,181,,175
05-02-2023,1:00 PM,75,177,,171
05-02-2023,2:00 PM,71,173,,164
05-02-2023,3:00 PM,67,166,,160
05-02-2023,4:00 PM,70,162,,157
05-02-2023,5:00 PM,58,159,,155
05-02-2023,6:00 PM,58,157,,155
05-02-2023,7:00 PM,59,157,,155
05-02-2023,8:00 PM,58,157,,156
05-02-2023,9:00 PM,78,158,,156
05-02-2023,10:00 PM,83,158,,156
05-02-2023,11:00 PM,80,158,,157
05/02/2023 24:00 AM,,75,159,,157
06-02-2023,1:00 AM,69,159,,157
06-02-2023,2:00 AM,65,159,,157
06-02-2023,3:00 AM,54,159,,157
06-02-2023,4:00 AM,53,159,,156
06-02-2023,5:00 AM,62,158,,155
06-02-2023,6:00 AM,60,157,,154
06-02-2023,7:00 AM,61,156,,153
06-02-2023,8:00 AM,56,155,,152
06-02-2023,9:00 AM,69,154,,151
06-02-2023,10:00 AM,83,153,,151
06-02-2023,11:00 AM,74,153,,151
06-02-2023,12:00 PM,74,153,,151
06-02-2023,1:00 PM,56,153,,151
06-02-2023,2:00 PM,28,153,,151
06-02-2023,3:00 PM,23,153,,148
06-02-2023,4:00 PM,18,150,,144
06-02-2023,5:00 PM,27,146,,140
06-02-2023,6:00 PM,27,142,,137
06-02-2023,7:00 PM,42,139,,135
06-02-2023,8:00 PM,54,137,,133
06-02-2023,9:00 PM,77,135,,133
06-02-2023,10:00 PM,77,135,,133
06-02-2023,11:00 PM,58,135,,132
06/02/2023 24:00 AM,,52,134,,131
07-02-2023,1:00 AM,46,133,,129
07-02-2023,2:00 AM,51,131,,127
07-02-2023,3:00 AM,48,129,,126
07-02-2023,4:00 AM,48,128,,125
07-02-2023,5:00 AM,52,127,,125
07-02-2023,6:00 AM,47,127,,124
07-02-2023,7:00 AM,45,126,,123
07-02-2023,8:00 AM,64,125,,122
07-02-2023,9:00 AM,66,124,,122
07-02-2023,10:00 AM,77,124,,122
07-02-2023,11:00 AM,71,124,,121
07-02-2023,12:00 PM,46,123,,121
07-02-2023,1:00 PM,30,123,,119
07-02-2023,2:00 PM,31,121,,117
07-02-2023,3:00 PM,27,119,,117
07-02-2023,4:00 PM,25,119,,117
07-02-2023,5:00 PM,24,119,,118
07-02-2023,6:00 PM,39,120,,118
07-02-2023,7:00 PM,45,120,,119
07-02-2023,8:00 PM,71,121,,119
07-02-2023,9:00 PM,76,121,,120
07-02-2023,10:00 PM,80,122,,120
07-02-2023,11:00 PM,91,122,,120
07/02/2023 24:00 AM,,115,122,,123
08-02-2023,1:00 AM,104,125,,128
08-02-2023,2:00 AM,96,130,,133
08-02-2023,3:00 AM,116,135,,137
08-02-2023,4:00 AM,132,139,,142
08-02-2023,5:00 AM,98,144,,150
08-02-2023,6:00 AM,98,152,,151
08-02-2023,7:00 AM,106,153,,152
08-02-2023,8:00 AM,115,154,,154
08-02-2023,9:00 AM,130,156,,155
08-02-2023,10:00 AM,103,157,,157
08-02-2023,11:00 AM,92,159,,157
08-02-2023,12:00 PM,80,159,,158
08-02-2023,1:00 PM,61,160,,159
08-02-2023,2:00 PM,59,161,,159
08-02-2023,3:00 PM,57,161,,160
08-02-2023,4:00 PM,57,162,,161
08-02-2023,5:00 PM,56,163,,161
08-02-2023,6:00 PM,49,163,,162
08-02-2023,7:00 PM,65,164,,162
08-02-2023,8:00 PM,101,164,,163
08-02-2023,9:00 PM,130,165,,164
08-02-2023,10:00 PM,104,166,,165
08-02-2023,11:00 PM,114,167,,166
08/02/2023 24:00 AM,,118,168,,166
09-02-2023,1:00 AM,99,168,,166
09-02-2023,2:00 AM,90,168,,166
09-02-2023,3:00 AM,85,168,,166
09-02-2023,4:00 AM,85,168,,165
09-02-2023,5:00 AM,99,167,,164
09-02-2023,6:00 AM,84,166,,164
09-02-2023,7:00 AM,125,166,,164
09-02-2023,8:00 AM,146,166,,164
09-02-2023,9:00 AM,99,166,,165
09-02-2023,10:00 AM,75,167,,164
09-02-2023,11:00 AM,78,166,,163
09-02-2023,12:00 PM,64,165,,163
09-02-2023,1:00 PM,68,165,,163
09-02-2023,2:00 PM,54,165,,163
09-02-2023,3:00 PM,38,165,,163
09-02-2023,4:00 PM,44,165,,162
09-02-2023,5:00 PM,39,164,,162
09-02-2023,6:00 PM,52,164,,162
09-02-2023,7:00 PM,70,164,,162
09-02-2023,8:00 PM,102,164,,162
09-02-2023,9:00 PM,160,164,,162
09-02-2023,10:00 PM,196,164,,163
09-02-2023,11:00 PM,252,165,,165
09/02/2023 24:00 AM,,268,167,,168
10-02-2023,1:00 AM,273,170,,172
10-02-2023,2:00 AM,262,174,,176
10-02-2023,3:00 AM,237,178,,180
10-02-2023,4:00 AM,227,182,,184
10-02-2023,5:00 AM,261,186,,187
10-02-2023,6:00 AM,283,189,,191
10-02-2023,7:00 AM,258,193,,196
10-02-2023,8:00 AM,354,198,,199
10-02-2023,9:00 AM,327,201,,208
10-02-2023,10:00 AM,218,210,,218
10-02-2023,11:00 AM,97,220,,224
10-02-2023,12:00 PM,99,226,,225
10-02-2023,1:00 PM,87,227,,226
10-02-2023,2:00 PM,73,228,,227
10-02-2023,3:00 PM,66,229,,228
10-02-2023,4:00 PM,98,230,,229
10-02-2023,5:00 PM,130,231,,231
10-02-2023,6:00 PM,179,233,,235
10-02-2023,7:00 PM,178,237,,240
10-02-2023,8:00 PM,179,242,,244
10-02-2023,9:00 PM,234,246,,248
10-02-2023,10:00 PM,410,250,,251
10-02-2023,11:00 PM,285,253,,259
10/02/2023 24:00 AM,,252,261,,261
11-02-2023,1:00 AM,263,263,,260
11-02-2023,2:00 AM,264,262,,260
11-02-2023,3:00 AM,242,262,,260
11-02-2023,4:00 AM,229,262,,260
11-02-2023,5:00 AM,267,262,,260
11-02-2023,6:00 AM,319,262,,260
11-02-2023,7:00 AM,291,262,,262
11-02-2023,8:00 AM,274,264,,263
11-02-2023,9:00 AM,232,265,,260
11-02-2023,10:00 AM,200,262,,256
11-02-2023,11:00 AM,213,258,,255
11-02-2023,12:00 PM,172,257,,260
11-02-2023,1:00 PM,115,262,,263
11-02-2023,2:00 PM,117,265,,264
11-02-2023,3:00 PM,108,266,,266
11-02-2023,4:00 PM,96,268,,268
11-02-2023,5:00 PM,87,270,,268
11-02-2023,6:00 PM,96,270,,266
11-02-2023,7:00 PM,99,268,,262
11-02-2023,8:00 PM,148,264,,259
11-02-2023,9:00 PM,186,261,,258
11-02-2023,10:00 PM,224,260,,256
11-02-2023,11:00 PM,203,258,,248
11/02/2023 24:00 AM,,170,250,,245
12-02-2023,1:00 AM,157,247,,242
12-02-2023,2:00 AM,153,244,,237
12-02-2023,3:00 AM,165,239,,233
12-02-2023,4:00 AM,164,235,,229
12-02-2023,5:00 AM,134,231,,227
12-02-2023,6:00 AM,138,229,,221
12-02-2023,7:00 AM,157,223,,214
12-02-2023,8:00 AM,164,216,,208
12-02-2023,9:00 AM,200,210,,204
12-02-2023,10:00 AM,208,206,,202
12-02-2023,11:00 AM,173,204,,203
12-02-2023,12:00 PM,125,205,,201
12-02-2023,1:00 PM,122,203,,199
12-02-2023,2:00 PM,99,201,,199
12-02-2023,3:00 PM,94,201,,198
12-02-2023,4:00 PM,105,200,,198
12-02-2023,5:00 PM,109,200,,198
12-02-2023,6:00 PM,88,200,,199
12-02-2023,7:00 PM,92,201,,198
12-02-2023,8:00 PM,154,200,,198
12-02-2023,9:00 PM,191,200,,198
12-02-2023,10:00 PM,235,200,,199
12-02-2023,11:00 PM,208,201,,199
12/02/2023 24:00 AM,,213,201,,199
13-02-2023,1:00 AM,194,201,,202
13-02-2023,2:00 AM,199,204,,203
13-02-2023,3:00 AM,143,205,,205
13-02-2023,4:00 AM,139,207,,204
13-02-2023,5:00 AM,130,206,,203
13-02-2023,6:00 AM,140,205,,203
13-02-2023,7:00 AM,135,205,,203
13-02-2023,8:00 AM,160,205,,202
13-02-2023,9:00 AM,194,204,,202
13-02-2023,10:00 AM,177,204,,202
13-02-2023,11:00 AM,149,204,,200
13-02-2023,12:00 PM,121,202,,199
13-02-2023,1:00 PM,88,201,,199
13-02-2023,2:00 PM,66,201,,198
13-02-2023,3:00 PM,57,200,,197
13-02-2023,4:00 PM,58,199,,196
13-02-2023,5:00 PM,68,198,,195
13-02-2023,6:00 PM,72,197,,194
13-02-2023,7:00 PM,80,196,,194
13-02-2023,8:00 PM,115,196,,193
13-02-2023,9:00 PM,159,195,,192
13-02-2023,10:00 PM,177,194,,192
13-02-2023,11:00 PM,179,194,,190
13/02/2023 24:00 AM,,173,192,,190
14-02-2023,1:00 AM,154,192,,189
14-02-2023,2:00 AM,175,191,,188
14-02-2023,3:00 AM,170,190,,187
14-02-2023,4:00 AM,165,189,,188
14-02-2023,5:00 AM,156,190,,188
14-02-2023,6:00 AM,138,190,,189
14-02-2023,7:00 AM,145,191,,189
14-02-2023,8:00 AM,151,191,,189
14-02-2023,9:00 AM,161,191,,189
14-02-2023,10:00 AM,148,191,,188
14-02-2023,11:00 AM,131,190,,187
14-02-2023,12:00 PM,130,189,,187
14-02-2023,1:00 PM,91,189,,187
14-02-2023,2:00 PM,53,189,,187
14-02-2023,3:00 PM,64,189,,187
14-02-2023,4:00 PM,42,189,,187
14-02-2023,5:00 PM,45,189,,187
14-02-2023,6:00 PM,50,189,,186
14-02-2023,7:00 PM,76,188,,186
14-02-2023,8:00 PM,155,188,,186
14-02-2023,9:00 PM,217,188,,187
14-02-2023,10:00 PM,124,189,,188
14-02-2023,11:00 PM,159,190,,187
14/02/2023 24:00 AM,,165,189,,186
15-02-2023,1:00 AM,190,188,,186
15-02-2023,2:00 AM,224,188,,187
15-02-2023,3:00 AM,222,189,,188
15-02-2023,4:00 AM,220,190,,189
15-02-2023,5:00 AM,229,191,,191
15-02-2023,6:00 AM,149,193,,192
15-02-2023,7:00 AM,145,194,,193
15-02-2023,8:00 AM,133,195,,193
15-02-2023,9:00 AM,87,195,,192
15-02-2023,10:00 AM,95,194,,190
15-02-2023,11:00 AM,99,192,,189
15-02-2023,12:00 PM,86,191,,188
15-02-2023,1:00 PM,124,190,,187
15-02-2023,2:00 PM,83,189,,188
15-02-2023,3:00 PM,86,190,,189
15-02-2023,4:00 PM,89,191,,189
15-02-2023,5:00 PM,150,191,,190
15-02-2023,6:00 PM,213,192,,193
15-02-2023,7:00 PM,NoData,195,,197
15-02-2023,8:00 PM,NoData,199,,199
15-02-2023,9:00 PM,NoData,201,,199
15-02-2023,10:00 PM,NoData,201,,197
15-02-2023,11:00 PM,NoData,199,,197
15/02/2023 24:00 AM,,NoData,199,,197
16-02-2023,1:00 AM,NoData,199,,196
16-02-2023,2:00 AM,NoData,198,,NoData
16-02-2023,3:00 AM,NoData,#VALUE!,,NoData
16-02-2023,4:00 AM,NoData,#VALUE!,,NoData
16-02-2023,5:00 AM,NoData,#VALUE!,,NoData
16-02-2023,6:00 AM,NoData,#VALUE!,,NoData
16-02-2023,7:00 AM,NoData,#VALUE!,,NoData
16-02-2023,8:00 AM,NoData,#VALUE!,,NoData
16-02-2023,9:00 AM,NoData,#VALUE!,,NoData
16-02-2023,10:00 AM,NoData,#VALUE!,,NoData
16-02-2023,11:00 AM,NoData,#VALUE!,,NoData
16-02-2023,12:00 PM,NoData,#VALUE!,,NoData
16-02-2023,1:00 PM,NoData,#VALUE!,,NoData
16-02-2023,2:00 PM,NoData,#VALUE!,,NoData
16-02-2023,3:00 PM,NoData,#VALUE!,,NoData
16-02-2023,4:00 PM,NoData,#VALUE!,,NoData
16-02-2023,5:00 PM,NoData,#VALUE!,,NoData
16-02-2023,6:00 PM,NoData,#VALUE!,,NoData
16-02-2023,7:00 PM,NoData,#VALUE!,,NoData
16-02-2023,8:00 PM,NoData,#VALUE!,,NoData
16-02-2023,9:00 PM,NoData,#VALUE!,,NoData
16-02-2023,10:00 PM,NoData,#VALUE!,,NoData
16-02-2023,11:00 PM,NoData,#VALUE!,,NoData
16/02/2023 24:00 AM,,NoData,#VALUE!,,NoData
17-02-2023,1:00 AM,NoData,#VALUE!,,NoData
17-02-2023,2:00 AM,NoData,#VALUE!,,NoData
17-02-2023,3:00 AM,NoData,#VALUE!,,NoData
17-02-2023,4:00 AM,NoData,#VALUE!,,NoData
17-02-2023,5:00 AM,NoData,#VALUE!,,NoData
17-02-2023,6:00 AM,NoData,#VALUE!,,NoData
17-02-2023,7:00 AM,NoData,#VALUE!,,NoData
17-02-2023,8:00 AM,NoData,#VALUE!,,NoData
17-02-2023,9:00 AM,NoData,#VALUE!,,NoData
17-02-2023,10:00 AM,NoData,#VALUE!,,NoData
17-02-2023,11:00 AM,NoData,#VALUE!,,NoData
17-02-2023,12:00 PM,NoData,#VALUE!,,NoData
17-02-2023,1:00 PM,NoData,#VALUE!,,NoData
17-02-2023,2:00 PM,NoData,#VALUE!,,NoData
17-02-2023,3:00 PM,NoData,#VALUE!,,NoData
17-02-2023,4:00 PM,NoData,#VALUE!,,NoData
17-02-2023,5:00 PM,NoData,#VALUE!,,NoData
17-02-2023,6:00 PM,NoData,#VALUE!,,NoData
17-02-2023,7:00 PM,NoData,#VALUE!,,NoData
17-02-2023,8:00 PM,NoData,#VALUE!,,NoData
17-02-2023,9:00 PM,NoData,#VALUE!,,NoData
17-02-2023,10:00 PM,NoData,#VALUE!,,NoData
17-02-2023,11:00 PM,NoData,#VALUE!,,NoData
17/02/2023 24:00 AM,,NoData,#VALUE!,,NoData
18-02-2023,1:00 AM,NoData,#VALUE!,,NoData
18-02-2023,2:00 AM,NoData,#VALUE!,,NoData
18-02-2023,3:00 AM,NoData,#VALUE!,,NoData
18-02-2023,4:00 AM,NoData,#VALUE!,,NoData
18-02-2023,5:00 AM,NoData,#VALUE!,,NoData
18-02-2023,6:00 AM,NoData,#VALUE!,,NoData
18-02-2023,7:00 AM,NoData,#VALUE!,,NoData
18-02-2023,8:00 AM,NoData,#VALUE!,,NoData
18-02-2023,9:00 AM,NoData,#VALUE!,,NoData
18-02-2023,10:00 AM,NoData,#VALUE!,,NoData
18-02-2023,11:00 AM,NoData,#VALUE!,,NoData
18-02-2023,12:00 PM,NoData,#VALUE!,,NoData
18-02-2023,1:00 PM,NoData,#VALUE!,,NoData
18-02-2023,2:00 PM,NoData,#VALUE!,,NoData
18-02-2023,3:00 PM,NoData,#VALUE!,,NoData
18-02-2023,4:00 PM,NoData,#VALUE!,,NoData
18-02-2023,5:00 PM,NoData,#VALUE!,,NoData
18-02-2023,6:00 PM,NoData,#VALUE!,,NoData
18-02-2023,7:00 PM,NoData,#VALUE!,,NoData
18-02-2023,8:00 PM,NoData,#VALUE!,,NoData
18-02-2023,9:00 PM,NoData,#VALUE!,,NoData
18-02-2023,10:00 PM,NoData,#VALUE!,,NoData
18-02-2023,11:00 PM,NoData,#VALUE!,,NoData
18/02/2023 24:00 AM,,NoData,#VALUE!,,NoData
19-02-2023,1:00 AM,NoData,#VALUE!,,NoData
19-02-2023,2:00 AM,NoData,#VALUE!,,NoData
19-02-2023,3:00 AM,NoData,#VALUE!,,NoData
19-02-2023,4:00 AM,NoData,#VALUE!,,NoData
19-02-2023,5:00 AM,NoData,#VALUE!,,NoData
19-02-2023,6:00 AM,NoData,#VALUE!,,NoData
19-02-2023,7:00 AM,NoData,#VALUE!,,NoData
19-02-2023,8:00 AM,NoData,#VALUE!,,NoData
19-02-2023,9:00 AM,NoData,#VALUE!,,NoData
19-02-2023,10:00 AM,85,#VALUE!,,NoData
19-02-2023,11:00 AM,69,#VALUE!,,NoData
19-02-2023,12:00 PM,78,#VALUE!,,NoData
19-02-2023,1:00 PM,86,#VALUE!,,NoData
19-02-2023,2:00 PM,73,#VALUE!,,NoData
19-02-2023,3:00 PM,58,#VALUE!,,NoData
19-02-2023,4:00 PM,56,#VALUE!,,NoData
19-02-2023,5:00 PM,63,#VALUE!,,NoData
19-02-2023,6:00 PM,59,#VALUE!,,NoData
19-02-2023,7:00 PM,67,#VALUE!,,NoData
19-02-2023,8:00 PM,94,#VALUE!,,NoData
19-02-2023,9:00 PM,123,#VALUE!,,NoData
19-02-2023,10:00 PM,152,#VALUE!,,NoData
19-02-2023,11:00 PM,147,#VALUE!,,NoData
19/02/2023 24:00 AM,,145,#VALUE!,,NoData
20-02-2023,1:00 AM,153,#VALUE!,,NoData
20-02-2023,2:00 AM,135,#VALUE!,,NoData
20-02-2023,3:00 AM,130,#VALUE!,,NoData
20-02-2023,4:00 AM,132,#VALUE!,,169
20-02-2023,5:00 AM,134,171,,170
20-02-2023,6:00 AM,152,172,,171
20-02-2023,7:00 AM,159,173,,172
20-02-2023,8:00 AM,174,174,,174
20-02-2023,9:00 AM,187,176,,176
20-02-2023,10:00 AM,196,178,,177
20-02-2023,11:00 AM,171,179,,180
20-02-2023,12:00 PM,126,182,,183
20-02-2023,1:00 PM,97,185,,184
20-02-2023,2:00 PM,92,186,,184
20-02-2023,3:00 PM,69,186,,184
20-02-2023,4:00 PM,72,186,,185
20-02-2023,5:00 PM,83,187,,185
20-02-2023,6:00 PM,95,187,,186
20-02-2023,7:00 PM,110,188,,186
20-02-2023,8:00 PM,135,188,,187
20-02-2023,9:00 PM,151,189,,188
20-02-2023,10:00 PM,163,190,,189
20-02-2023,11:00 PM,170,191,,189
20/02/2023 24:00 AM,,174,191,,190
21-02-2023,1:00 AM,163,192,,191
21-02-2023,2:00 AM,194,193,,191
21-02-2023,3:00 AM,207,193,,192
21-02-2023,4:00 AM,176,194,,194
21-02-2023,5:00 AM,164,196,,195
21-02-2023,6:00 AM,131,197,,196
21-02-2023,7:00 AM,102,198,,195
21-02-2023,8:00 AM,114,197,,194
21-02-2023,9:00 AM,116,196,,193
21-02-2023,10:00 AM,132,195,,191
21-02-2023,11:00 AM,120,193,,189
21-02-2023,12:00 PM,117,191,,188
21-02-2023,1:00 PM,78,190,,188
21-02-2023,2:00 PM,64,190,,187
21-02-2023,3:00 PM,60,189,,187
21-02-2023,4:00 PM,67,189,,187
21-02-2023,5:00 PM,77,189,,186
21-02-2023,6:00 PM,87,188,,186
21-02-2023,7:00 PM,85,188,,186
21-02-2023,8:00 PM,102,188,,186
21-02-2023,9:00 PM,132,188,,185
21-02-2023,10:00 PM,133,187,,184
21-02-2023,11:00 PM,132,186,,184
21/02/2023 24:00 AM,,187,186,,183
22-02-2023,1:00 AM,180,185,,183
22-02-2023,2:00 AM,169,185,,183
22-02-2023,3:00 AM,174,185,,183
22-02-2023,4:00 AM,195,185,,182
22-02-2023,5:00 AM,171,184,,182
22-02-2023,6:00 AM,157,184,,183
22-02-2023,7:00 AM,137,185,,183
22-02-2023,8:00 AM,106,185,,184
22-02-2023,9:00 AM,93,186,,184
22-02-2023,10:00 AM,70,186,,183
22-02-2023,11:00 AM,59,185,,182
22-02-2023,12:00 PM,88,184,,180
22-02-2023,1:00 PM,82,182,,180
22-02-2023,2:00 PM,80,182,,180
22-02-2023,3:00 PM,78,182,,180
22-02-2023,4:00 PM,63,182,,181
22-02-2023,5:00 PM,66,183,,180
22-02-2023,6:00 PM,75,182,,180
22-02-2023,7:00 PM,91,182,,180
22-02-2023,8:00 PM,107,182,,180
22-02-2023,9:00 PM,131,182,,180
22-02-2023,10:00 PM,148,182,,180
22-02-2023,11:00 PM,159,182,,181
22/02/2023 24:00 AM,,185,183,,181
23-02-2023,1:00 AM,199,183,,181
23-02-2023,2:00 AM,176,183,,182
23-02-2023,3:00 AM,122,184,,182
23-02-2023,4:00 AM,114,184,,181
23-02-2023,5:00 AM,100,183,,179
23-02-2023,6:00 AM,138,181,,177
23-02-2023,7:00 AM,124,179,,176
23-02-2023,8:00 AM,98,178,,176
23-02-2023,9:00 AM,77,178,,176
23-02-2023,10:00 AM,65,178,,175
23-02-2023,11:00 AM,51,177,,175
23-02-2023,12:00 PM,28,177,,175
23-02-2023,1:00 PM,23,177,,174
23-02-2023,2:00 PM,27,176,,172
23-02-2023,3:00 PM,25,174,,171
23-02-2023,4:00 PM,31,173,,170
23-02-2023,5:00 PM,19,172,,169
23-02-2023,6:00 PM,23,171,,168
23-02-2023,7:00 PM,26,170,,167
23-02-2023,8:00 PM,27,169,,165
23-02-2023,9:00 PM,46,167,,163
23-02-2023,10:00 PM,33,165,,161
23-02-2023,11:00 PM,15,163,,158
23/02/2023 24:00 AM,,24,160,,155
24-02-2023,1:00 AM,23,157,,151
24-02-2023,2:00 AM,21,153,,138
24-02-2023,3:00 AM,30,140,,125
24-02-2023,4:00 AM,40,127,,118
24-02-2023,5:00 AM,37,120,,112
24-02-2023,6:00 AM,42,114,,107
24-02-2023,7:00 AM,40,109,,98
24-02-2023,8:00 AM,49,100,,91
24-02-2023,9:00 AM,60,93,,87
24-02-2023,10:00 AM,56,89,,86
24-02-2023,11:00 AM,67,88,,85
24-02-2023,12:00 PM,53,87,,86
24-02-2023,1:00 PM,54,88,,88
24-02-2023,2:00 PM,57,90,,91
24-02-2023,3:00 PM,37,93,,93
24-02-2023,4:00 PM,29,95,,94
24-02-2023,5:00 PM,24,96,,94
24-02-2023,6:00 PM,27,96,,95
24-02-2023,7:00 PM,40,97,,95
24-02-2023,8:00 PM,40,97,,96
24-02-2023,9:00 PM,60,98,,97
24-02-2023,10:00 PM,69,99,,98
24-02-2023,11:00 PM,78,100,,102
24/02/2023 24:00 AM,,88,104,,107
25-02-2023,1:00 AM,65,109,,112
25-02-2023,2:00 AM,59,114,,116
25-02-2023,3:00 AM,55,118,,119
25-02-2023,4:00 AM,59,121,,121
25-02-2023,5:00 AM,63,123,,123
25-02-2023,6:00 AM,68,125,,125
25-02-2023,7:00 AM,73,127,,127
25-02-2023,8:00 AM,89,129,,130
25-02-2023,9:00 AM,115,132,,133
25-02-2023,10:00 AM,111,135,,137
25-02-2023,11:00 AM,64,139,,142
25-02-2023,12:00 PM,75,144,,142
25-02-2023,1:00 PM,60,144,,143
25-02-2023,2:00 PM,40,145,,144
25-02-2023,3:00 PM,54,146,,143
25-02-2023,4:00 PM,44,145,,144
25-02-2023,5:00 PM,46,146,,145
25-02-2023,6:00 PM,43,147,,147
25-02-2023,7:00 PM,53,149,,148
25-02-2023,8:00 PM,63,150,,150
25-02-2023,9:00 PM,81,152,,151
25-02-2023,10:00 PM,97,153,,151
25-02-2023,11:00 PM,97,153,,152
25/02/2023 24:00 AM,,98,154,,152
26-02-2023,1:00 AM,110,154,,152
26-02-2023,2:00 AM,103,154,,154
26-02-2023,3:00 AM,148,156,,155
26-02-2023,4:00 AM,81,157,,157
26-02-2023,5:00 AM,79,159,,157
26-02-2023,6:00 AM,71,159,,158
26-02-2023,7:00 AM,72,160,,158
26-02-2023,8:00 AM,117,160,,158
26-02-2023,9:00 AM,88,160,,158
26-02-2023,10:00 AM,67,160,,158
26-02-2023,11:00 AM,49,160,,157
26-02-2023,12:00 PM,37,159,,156
26-02-2023,1:00 PM,59,158,,155
26-02-2023,2:00 PM,37,157,,155
26-02-2023,3:00 PM,57,157,,155
26-02-2023,4:00 PM,58,157,,155
26-02-2023,5:00 PM,57,157,,156
26-02-2023,6:00 PM,64,158,,156
26-02-2023,7:00 PM,66,158,,157
26-02-2023,8:00 PM,78,159,,157
26-02-2023,9:00 PM,94,159,,157
26-02-2023,10:00 PM,114,159,,158
26-02-2023,11:00 PM,103,160,,158
26/02/2023 24:00 AM,,107,160,,158
27-02-2023,1:00 AM,113,160,,158
27-02-2023,2:00 AM,96,160,,158
27-02-2023,3:00 AM,84,160,,158
27-02-2023,4:00 AM,74,160,,157
27-02-2023,5:00 AM,77,159,,157
27-02-2023,6:00 AM,73,159,,156
27-02-2023,7:00 AM,72,158,,157
27-02-2023,8:00 AM,85,159,,157
27-02-2023,9:00 AM,82,159,,156
27-02-2023,10:00 AM,73,158,,156
27-02-2023,11:00 AM,60,158,,156
27-02-2023,12:00 PM,50,158,,156
27-02-2023,1:00 PM,NoData,158,,156
27-02-2023,2:00 PM,NoData,158,,157
27-02-2023,3:00 PM,NoData,159,,158
27-02-2023,4:00 PM,NoData,160,,158
27-02-2023,5:00 PM,NoData,160,,159
27-02-2023,6:00 PM,NoData,161,,160
27-02-2023,7:00 PM,33,162,,160
27-02-2023,8:00 PM,67,162,,159
27-02-2023,9:00 PM,82,161,,159
27-02-2023,10:00 PM,103,161,,159
27-02-2023,11:00 PM,154,161,,158
27/02/2023 24:00 AM,,127,160,,160
28-02-2023,1:00 AM,111,162,,161
28-02-2023,2:00 AM,112,163,,160
28-02-2023,3:00 AM,112,162,,161
28-02-2023,4:00 AM,113,163,,162
28-02-2023,5:00 AM,106,164,,163
28-02-2023,6:00 AM,113,165,,164
28-02-2023,7:00 AM,182,166,,165
28-02-2023,8:00 AM,174,167,,169
28-02-2023,9:00 AM,180,171,,172
28-02-2023,10:00 AM,131,174,,175
28-02-2023,11:00 AM,96,177,,177
28-02-2023,12:00 PM,74,179,,178
28-02-2023,1:00 PM,38,180,,179
28-02-2023,2:00 PM,32,181,,176
28-02-2023,3:00 PM,31,178,,174
28-02-2023,4:00 PM,31,176,,172
28-02-2023,5:00 PM,31,174,,170
28-02-2023,6:00 PM,29,172,,168
28-02-2023,7:00 PM,34,170,,167
28-02-2023,8:00 PM,39,169,,167
28-02-2023,9:00 PM,46,169,,166
28-02-2023,10:00 PM,46,168,,165
28-02-2023,11:00 PM,42,167,,164
28/02/2023 24:00 AM,,42,166,,161
01-03-2023,1:00 AM,47,163,,159
01-03-2023,2:00 AM,38,161,,157
01-03-2023,3:00 AM,38,159,,156
01-03-2023,4:00 AM,38,158,,154
01-03-2023,5:00 AM,40,156,,152
01-03-2023,6:00 AM,38,154,,151
01-03-2023,7:00 AM,46,153,,145
01-03-2023,8:00 AM,49,147,,134
01-03-2023,9:00 AM,56,136,,123
01-03-2023,10:00 AM,65,125,,113
01-03-2023,11:00 AM,46,115,,108
01-03-2023,12:00 PM,NoData,110,,104
01-03-2023,1:00 PM,NoData,106,,101
01-03-2023,2:00 PM,NoData,103,,101
01-03-2023,3:00 PM,NoData,103,,102
01-03-2023,4:00 PM,NoData,104,,103
01-03-2023,5:00 PM,NoData,105,,104
01-03-2023,6:00 PM,NoData,106,,106
01-03-2023,7:00 PM,NoData,108,,102
01-03-2023,8:00 PM,2,104,,98
01-03-2023,9:00 PM,2,100,,93
01-03-2023,10:00 PM,NoData,95,,89
01-03-2023,11:00 PM,NoData,91,,83
01/03/2023 24:00 AM,,4,85,,79
02-03-2023,1:00 AM,1,81,,74
02-03-2023,2:00 AM,NoData,76,,69
02-03-2023,3:00 AM,NoData,71,,65
02-03-2023,4:00 AM,NoData,67,,61
02-03-2023,5:00 AM,2,63,,56
02-03-2023,6:00 AM,4,58,,52
02-03-2023,7:00 AM,3,54,,47
02-03-2023,8:00 AM,0,49,,39
02-03-2023,9:00 AM,2,41,,30
02-03-2023,10:00 AM,2,32,,21
02-03-2023,11:00 AM,1,23,,10
02-03-2023,12:00 PM,0,12,,2
02-03-2023,1:00 PM,NoData,4,,2
02-03-2023,2:00 PM,0,4,,1
02-03-2023,3:00 PM,0,3,,1
02-03-2023,4:00 PM,NoData,3,,1
02-03-2023,5:00 PM,NoData,3,,1
02-03-2023,6:00 PM,3,3,,0
02-03-2023,7:00 PM,5,2,,1
02-03-2023,8:00 PM,6,3,,2
02-03-2023,9:00 PM,4,4,,2
02-03-2023,10:00 PM,4,4,,3
02-03-2023,11:00 PM,6,5,,4
02/03/2023 24:00 AM,,3,6,,5
03-03-2023,1:00 AM,NoData,7,,4
03-03-2023,2:00 AM,1,6,,4
03-03-2023,3:00 AM,3,6,,5
03-03-2023,4:00 AM,3,7,,5
03-03-2023,5:00 AM,3,7,,6
03-03-2023,6:00 AM,2,8,,6
03-03-2023,7:00 AM,3,8,,6
03-03-2023,8:00 AM,2,8,,6
03-03-2023,9:00 AM,2,8,,6
03-03-2023,10:00 AM,2,8,,6
03-03-2023,11:00 AM,0,8,,6
03-03-2023,12:00 PM,1,8,,6
03-03-2023,1:00 PM,2,8,,6
03-03-2023,2:00 PM,0,8,,6
03-03-2023,3:00 PM,NoData,8,,6
03-03-2023,4:00 PM,0,8,,6
03-03-2023,5:00 PM,NoData,8,,7
03-03-2023,6:00 PM,5,9,,7
03-03-2023,7:00 PM,6,9,,7
03-03-2023,8:00 PM,3,9,,7
03-03-2023,9:00 PM,1,9,,7
03-03-2023,10:00 PM,1,9,,7
03-03-2023,11:00 PM,2,9,,6
03/03/2023 24:00 AM,,2,8,,6
04-03-2023,1:00 AM,2,8,,5
04-03-2023,2:00 AM,3,7,,6
04-03-2023,3:00 AM,2,8,,6
04-03-2023,4:00 AM,2,8,,6
04-03-2023,5:00 AM,4,8,,6
04-03-2023,6:00 AM,3,8,,6
04-03-2023,7:00 AM,1,8,,6
04-03-2023,8:00 AM,6,8,,6
04-03-2023,9:00 AM,4,8,,6
04-03-2023,10:00 AM,1,8,,7
04-03-2023,11:00 AM,2,9,,7
04-03-2023,12:00 PM,0,9,,7
04-03-2023,1:00 PM,NoData,9,,7
04-03-2023,2:00 PM,NoData,9,,6
04-03-2023,3:00 PM,NoData,8,,6
04-03-2023,4:00 PM,NoData,8,,6
04-03-2023,5:00 PM,NoData,8,,5
04-03-2023,6:00 PM,4,7,,5
04-03-2023,7:00 PM,3,7,,5
04-03-2023,8:00 PM,0,7,,4
04-03-2023,9:00 PM,1,6,,4
04-03-2023,10:00 PM,2,6,,4
04-03-2023,11:00 PM,2,6,,4
04/03/2023 24:00 AM,,1,6,,4
05-03-2023,1:00 AM,NoData,6,,4
05-03-2023,2:00 AM,0,6,,4
05-03-2023,3:00 AM,2,6,,3
05-03-2023,4:00 AM,1,5,,3
05-03-2023,5:00 AM,4,5,,3
05-03-2023,6:00 AM,4,5,,3
05-03-2023,7:00 AM,2,5,,3
05-03-2023,8:00 AM,2,5,,3
05-03-2023,9:00 AM,2,5,,3
05-03-2023,10:00 AM,2,5,,3
05-03-2023,11:00 AM,0,5,,3
05-03-2023,12:00 PM,NoData,5,,2
05-03-2023,1:00 PM,NoData,4,,2
05-03-2023,2:00 PM,NoData,4,,3
05-03-2023,3:00 PM,NoData,5,,3
05-03-2023,4:00 PM,NoData,5,,NoData
05-03-2023,5:00 PM,38,#VALUE!,,5
05-03-2023,6:00 PM,45,7,,12
05-03-2023,7:00 PM,52,14,,19
05-03-2023,8:00 PM,81,21,,27
05-03-2023,9:00 PM,98,29,,40
05-03-2023,10:00 PM,138,42,,55
05-03-2023,11:00 PM,151,57,,69
05/03/2023 24:00 AM,,137,71,,84
06-03-2023,1:00 AM,144,86,,98
06-03-2023,2:00 AM,141,100,,114
06-03-2023,3:00 AM,125,116,,129
06-03-2023,4:00 AM,113,131,,141
06-03-2023,5:00 AM,131,143,,151
06-03-2023,6:00 AM,146,153,,155
06-03-2023,7:00 AM,143,157,,159
06-03-2023,8:00 AM,163,161,,164
06-03-2023,9:00 AM,189,166,,168
06-03-2023,10:00 AM,157,170,,174
06-03-2023,11:00 AM,121,176,,179
06-03-2023,12:00 PM,95,181,,183
06-03-2023,1:00 PM,74,185,,182
06-03-2023,2:00 PM,62,184,,180
06-03-2023,3:00 PM,43,182,,179
06-03-2023,4:00 PM,27,181,,177
06-03-2023,5:00 PM,24,179,,175
06-03-2023,6:00 PM,34,177,,175
06-03-2023,7:00 PM,53,177,,175
06-03-2023,8:00 PM,80,177,,175
06-03-2023,9:00 PM,129,177,,175
06-03-2023,10:00 PM,154,177,,175
06-03-2023,11:00 PM,159,177,,176
06/03/2023 24:00 AM,,183,178,,176
07-03-2023,1:00 AM,187,178,,177
07-03-2023,2:00 AM,155,179,,178
07-03-2023,3:00 AM,171,180,,178
07-03-2023,4:00 AM,154,180,,179
07-03-2023,5:00 AM,170,181,,180
07-03-2023,6:00 AM,174,182,,181
07-03-2023,7:00 AM,165,183,,182
07-03-2023,8:00 AM,148,184,,183
07-03-2023,9:00 AM,99,185,,182
07-03-2023,10:00 AM,89,184,,180
07-03-2023,11:00 AM,75,182,,178
07-03-2023,12:00 PM,60,180,,177
07-03-2023,1:00 PM,55,179,,176
07-03-2023,2:00 PM,39,178,,176
07-03-2023,3:00 PM,35,178,,175
07-03-2023,4:00 PM,32,177,,175
07-03-2023,5:00 PM,31,177,,175
07-03-2023,6:00 PM,37,177,,176
07-03-2023,7:00 PM,44,178,,176
07-03-2023,8:00 PM,71,178,,175
07-03-2023,9:00 PM,122,177,,175
07-03-2023,10:00 PM,127,177,,175
07-03-2023,11:00 PM,143,177,,174
07/03/2023 24:00 AM,,157,176,,174
08-03-2023,1:00 AM,157,176,,173
08-03-2023,2:00 AM,132,175,,173
08-03-2023,3:00 AM,172,175,,172
08-03-2023,4:00 AM,193,174,,172
08-03-2023,5:00 AM,175,174,,173
08-03-2023,6:00 AM,118,175,,173
08-03-2023,7:00 AM,122,175,,172
08-03-2023,8:00 AM,132,174,,171
08-03-2023,9:00 AM,83,173,,170
08-03-2023,10:00 AM,87,172,,170
08-03-2023,11:00 AM,68,172,,170
08-03-2023,12:00 PM,38,172,,170
08-03-2023,1:00 PM,38,172,,169
08-03-2023,2:00 PM,36,171,,169
08-03-2023,3:00 PM,29,171,,169
08-03-2023,4:00 PM,22,171,,169
08-03-2023,5:00 PM,24,171,,168
08-03-2023,6:00 PM,27,170,,168
08-03-2023,7:00 PM,49,170,,168
08-03-2023,8:00 PM,177,170,,168
08-03-2023,9:00 PM,217,170,,171
08-03-2023,10:00 PM,276,173,,173
08-03-2023,11:00 PM,217,175,,177
08/03/2023 24:00 AM,,233,179,,178
09-03-2023,1:00 AM,166,180,,180
09-03-2023,2:00 AM,173,182,,180
09-03-2023,3:00 AM,142,182,,181
09-03-2023,4:00 AM,150,183,,181
09-03-2023,5:00 AM,216,183,,180
09-03-2023,6:00 AM,303,182,,181
09-03-2023,7:00 AM,218,183,,185
09-03-2023,8:00 AM,308,187,,187
09-03-2023,9:00 AM,328,189,,192
09-03-2023,10:00 AM,96,194,,197
09-03-2023,11:00 AM,40,199,,198
09-03-2023,12:00 PM,24,200,,197
09-03-2023,1:00 PM,30,199,,197
09-03-2023,2:00 PM,25,199,,196
09-03-2023,3:00 PM,27,198,,196
09-03-2023,4:00 PM,19,198,,196
09-03-2023,5:00 PM,23,198,,196
09-03-2023,6:00 PM,31,198,,196
09-03-2023,7:00 PM,46,198,,196
09-03-2023,8:00 PM,88,198,,196
09-03-2023,9:00 PM,139,198,,194
09-03-2023,10:00 PM,110,196,,192
09-03-2023,11:00 PM,123,194,,188
09/03/2023 24:00 AM,,120,190,,186
10-03-2023,1:00 AM,68,188,,183
10-03-2023,2:00 AM,62,185,,181
10-03-2023,3:00 AM,66,183,,178
10-03-2023,4:00 AM,75,180,,176
10-03-2023,5:00 AM,82,178,,174
10-03-2023,6:00 AM,95,176,,171
10-03-2023,7:00 AM,102,173,,166
10-03-2023,8:00 AM,111,168,,163
10-03-2023,9:00 AM,126,165,,159
10-03-2023,10:00 AM,122,161,,154
10-03-2023,11:00 AM,60,156,,154
10-03-2023,12:00 PM,42,156,,155
10-03-2023,1:00 PM,42,157,,155
10-03-2023,2:00 PM,45,157,,156
10-03-2023,3:00 PM,40,158,,156
10-03-2023,4:00 PM,41,158,,156
10-03-2023,5:00 PM,39,158,,157
10-03-2023,6:00 PM,47,159,,157
10-03-2023,7:00 PM,59,159,,158
10-03-2023,8:00 PM,106,160,,158
10-03-2023,9:00 PM,116,160,,158
10-03-2023,10:00 PM,107,160,,158
10-03-2023,11:00 PM,85,160,,158
10/03/2023 24:00 AM,,99,160,,157
11-03-2023,1:00 AM,120,159,,156
11-03-2023,2:00 AM,149,158,,158
11-03-2023,3:00 AM,180,160,,160
11-03-2023,4:00 AM,174,162,,163
11-03-2023,5:00 AM,205,165,,165
11-03-2023,6:00 AM,196,167,,168
11-03-2023,7:00 AM,217,170,,170
11-03-2023,8:00 AM,206,172,,173
11-03-2023,9:00 AM,213,175,,175
11-03-2023,10:00 AM,194,177,,177
11-03-2023,11:00 AM,183,179,,179
11-03-2023,12:00 PM,197,181,,182
11-03-2023,1:00 PM,191,184,,186
11-03-2023,2:00 PM,197,188,,189
11-03-2023,3:00 PM,88,191,,193
11-03-2023,4:00 PM,46,195,,194
11-03-2023,5:00 PM,75,196,,194
11-03-2023,6:00 PM,75,196,,195
11-03-2023,7:00 PM,95,197,,196
11-03-2023,8:00 PM,135,198,,197
11-03-2023,9:00 PM,149,199,,197
11-03-2023,10:00 PM,177,199,,198
11-03-2023,11:00 PM,177,200,,202
11/03/2023 24:00 AM,,179,204,,205
12-03-2023,1:00 AM,193,207,,209
12-03-2023,2:00 AM,193,211,,212
12-03-2023,3:00 AM,189,214,,213
12-03-2023,4:00 AM,185,215,,214
12-03-2023,5:00 AM,196,216,,214
12-03-2023,6:00 AM,246,216,,214
12-03-2023,7:00 AM,246,216,,216
12-03-2023,8:00 AM,261,218,,217
12-03-2023,9:00 AM,282,219,,219
12-03-2023,10:00 AM,198,221,,222
12-03-2023,11:00 AM,156,224,,222
12-03-2023,12:00 PM,109,224,,221
12-03-2023,1:00 PM,116,223,,218
12-03-2023,2:00 PM,82,220,,215
12-03-2023,3:00 PM,77,217,,210
12-03-2023,4:00 PM,70,212,,209
12-03-2023,5:00 PM,70,211,,210
12-03-2023,6:00 PM,80,212,,210
12-03-2023,7:00 PM,78,212,,210
12-03-2023,8:00 PM,97,212,,210
12-03-2023,9:00 PM,105,212,,208
12-03-2023,10:00 PM,107,210,,206
12-03-2023,11:00 PM,104,208,,203
12/03/2023 24:00 AM,,111,205,,200
13-03-2023,1:00 AM,109,202,,198
13-03-2023,2:00 AM,102,200,,196
13-03-2023,3:00 AM,105,198,,193
13-03-2023,4:00 AM,109,195,,191
13-03-2023,5:00 AM,105,193,,190
13-03-2023,6:00 AM,94,192,,187
13-03-2023,7:00 AM,107,189,,184
13-03-2023,8:00 AM,171,186,,180
13-03-2023,9:00 AM,147,182,,178
13-03-2023,10:00 AM,108,180,,175
13-03-2023,11:00 AM,93,177,,173
13-03-2023,12:00 PM,89,175,,171
13-03-2023,1:00 PM,94,173,,171
13-03-2023,2:00 PM,107,173,,170
13-03-2023,3:00 PM,119,172,,171
13-03-2023,4:00 PM,97,173,,172
13-03-2023,5:00 PM,80,174,,173
13-03-2023,6:00 PM,74,175,,173
13-03-2023,7:00 PM,87,175,,173
13-03-2023,8:00 PM,84,175,,173
13-03-2023,9:00 PM,125,175,,173
13-03-2023,10:00 PM,178,175,,173
13-03-2023,11:00 PM,145,175,,175
13/03/2023 24:00 AM,,158,177,,176
14-03-2023,1:00 AM,135,178,,177
14-03-2023,2:00 AM,122,179,,177
14-03-2023,3:00 AM,114,179,,178
14-03-2023,4:00 AM,78,180,,178
14-03-2023,5:00 AM,31,180,,177
14-03-2023,6:00 AM,34,179,,176
14-03-2023,7:00 AM,29,178,,174
14-03-2023,8:00 AM,35,176,,172
14-03-2023,9:00 AM,43,174,,169
14-03-2023,10:00 AM,37,171,,167
14-03-2023,11:00 AM,42,169,,165
14-03-2023,12:00 PM,41,167,,164
14-03-2023,1:00 PM,45,166,,162
14-03-2023,2:00 PM,41,164,,161
14-03-2023,3:00 PM,50,163,,160
14-03-2023,4:00 PM,42,162,,158
14-03-2023,5:00 PM,45,160,,157
14-03-2023,6:00 PM,39,159,,156
14-03-2023,7:00 PM,41,158,,155
14-03-2023,8:00 PM,59,157,,154
14-03-2023,9:00 PM,76,156,,153
14-03-2023,10:00 PM,93,155,,152
14-03-2023,11:00 PM,84,154,,150
14/03/2023 24:00 AM,,65,152,,145
15-03-2023,1:00 AM,73,147,,137
15-03-2023,2:00 AM,71,139,,132
15-03-2023,3:00 AM,80,134,,128
15-03-2023,4:00 AM,92,130,,125
15-03-2023,5:00 AM,95,127,,126
15-03-2023,6:00 AM,98,128,,131
15-03-2023,7:00 AM,146,133,,137
15-03-2023,8:00 AM,154,139,,146
15-03-2023,9:00 AM,200,148,,152
15-03-2023,10:00 AM,195,154,,156
15-03-2023,11:00 AM,95,158,,160
15-03-2023,12:00 PM,81,162,,161
15-03-2023,1:00 PM,64,163,,162
15-03-2023,2:00 PM,NoData,164,,NoData
15-03-2023,3:00 PM,19,#VALUE!,,163
15-03-2023,4:00 PM,25,165,,163
15-03-2023,5:00 PM,18,165,,162
15-03-2023,6:00 PM,30,164,,162
15-03-2023,7:00 PM,41,164,,161
15-03-2023,8:00 PM,44,163,,161
15-03-2023,9:00 PM,52,163,,161
15-03-2023,10:00 PM,62,163,,160
15-03-2023,11:00 PM,60,162,,160
15/03/2023 24:00 AM,,58,162,,159
16-03-2023,1:00 AM,59,161,,159
16-03-2023,2:00 AM,59,161,,158
16-03-2023,3:00 AM,65,160,,158
16-03-2023,4:00 AM,66,160,,158
16-03-2023,5:00 AM,80,160,,157
16-03-2023,6:00 AM,86,159,,157
16-03-2023,7:00 AM,122,159,,156
16-03-2023,8:00 AM,312,158,,156
16-03-2023,9:00 AM,161,158,,160
16-03-2023,10:00 AM,92,162,,159
16-03-2023,11:00 AM,78,161,,156
16-03-2023,12:00 PM,101,158,,156
16-03-2023,1:00 PM,58,158,,156
16-03-2023,2:00 PM,43,158,,156
16-03-2023,3:00 PM,36,158,,155
16-03-2023,4:00 PM,34,157,,156
16-03-2023,5:00 PM,34,158,,156
16-03-2023,6:00 PM,44,158,,156
16-03-2023,7:00 PM,46,158,,157
16-03-2023,8:00 PM,64,159,,157
16-03-2023,9:00 PM,77,159,,157
16-03-2023,10:00 PM,133,159,,158
16-03-2023,11:00 PM,131,160,,160
16/03/2023 24:00 AM,,127,162,,161
17-03-2023,1:00 AM,125,163,,163
17-03-2023,2:00 AM,129,165,,165
17-03-2023,3:00 AM,115,167,,166
17-03-2023,4:00 AM,121,168,,167
17-03-2023,5:00 AM,123,169,,169
17-03-2023,6:00 AM,139,171,,170
17-03-2023,7:00 AM,156,172,,171
17-03-2023,8:00 AM,215,173,,172
17-03-2023,9:00 AM,239,174,,170
17-03-2023,10:00 AM,138,172,,171
17-03-2023,11:00 AM,94,173,,173
17-03-2023,12:00 PM,63,175,,173
17-03-2023,1:00 PM,41,175,,172
17-03-2023,2:00 PM,37,174,,172
17-03-2023,3:00 PM,39,174,,171
17-03-2023,4:00 PM,27,173,,172
17-03-2023,5:00 PM,24,174,,171
17-03-2023,6:00 PM,37,173,,171
17-03-2023,7:00 PM,43,173,,171
17-03-2023,8:00 PM,48,173,,171
17-03-2023,9:00 PM,54,173,,170
17-03-2023,10:00 PM,52,172,,170
17-03-2023,11:00 PM,49,172,,168
17/03/2023 24:00 AM,,53,170,,166
18-03-2023,1:00 AM,75,168,,164
18-03-2023,2:00 AM,74,166,,163
18-03-2023,3:00 AM,75,165,,162
18-03-2023,4:00 AM,75,164,,161
18-03-2023,5:00 AM,96,163,,160
18-03-2023,6:00 AM,92,162,,159
18-03-2023,7:00 AM,82,161,,158
18-03-2023,8:00 AM,118,160,,156
18-03-2023,9:00 AM,104,158,,154
18-03-2023,10:00 AM,92,156,,150
18-03-2023,11:00 AM,74,152,,147
18-03-2023,12:00 PM,51,149,,145
18-03-2023,1:00 PM,NoData,147,,NoData
18-03-2023,2:00 PM,39,#VALUE!,,146
18-03-2023,3:00 PM,NoData,148,,NoData
18-03-2023,4:00 PM,37,#VALUE!,,149
18-03-2023,5:00 PM,NoData,151,,NoData
18-03-2023,6:00 PM,40,#VALUE!,,151
18-03-2023,7:00 PM,43,153,,151
18-03-2023,8:00 PM,59,153,,151
18-03-2023,9:00 PM,69,153,,152
18-03-2023,10:00 PM,76,154,,152
18-03-2023,11:00 PM,81,154,,153
18/03/2023 24:00 AM,,82,155,,154
19-03-2023,1:00 AM,63,156,,154
19-03-2023,2:00 AM,69,156,,154
19-03-2023,3:00 AM,112,156,,154
19-03-2023,4:00 AM,110,156,,155
19-03-2023,5:00 AM,134,157,,156
19-03-2023,6:00 AM,142,158,,157
19-03-2023,7:00 AM,193,159,,158
19-03-2023,8:00 AM,229,160,,161
19-03-2023,9:00 AM,199,163,,164
19-03-2023,10:00 AM,137,166,,167
19-03-2023,11:00 AM,84,169,,168
19-03-2023,12:00 PM,61,170,,169
19-03-2023,1:00 PM,56,171,,169
19-03-2023,2:00 PM,56,171,,168
19-03-2023,3:00 PM,47,170,,168
19-03-2023,4:00 PM,47,170,,167
19-03-2023,5:00 PM,47,169,,167
19-03-2023,6:00 PM,55,169,,166
19-03-2023,7:00 PM,55,168,,166
19-03-2023,8:00 PM,78,168,,167
19-03-2023,9:00 PM,89,169,,167
19-03-2023,10:00 PM,99,169,,168
19-03-2023,11:00 PM,104,170,,168
19/03/2023 24:00 AM,,103,170,,169
20-03-2023,1:00 AM,102,171,,169
20-03-2023,2:00 AM,107,171,,170
20-03-2023,3:00 AM,108,172,,171
20-03-2023,4:00 AM,130,173,,171
20-03-2023,5:00 AM,139,173,,171
20-03-2023,6:00 AM,202,173,,172
20-03-2023,7:00 AM,303,174,,173
20-03-2023,8:00 AM,405,175,,176
20-03-2023,9:00 AM,301,178,,180
20-03-2023,10:00 AM,136,182,,182
20-03-2023,11:00 AM,109,184,,182
20-03-2023,12:00 PM,100,184,,183
20-03-2023,1:00 PM,97,185,,184
20-03-2023,2:00 PM,77,186,,185
20-03-2023,3:00 PM,48,187,,185
20-03-2023,4:00 PM,43,187,,185
20-03-2023,5:00 PM,43,187,,185
20-03-2023,6:00 PM,58,187,,185
20-03-2023,7:00 PM,83,187,,185
20-03-2023,8:00 PM,93,187,,186
20-03-2023,9:00 PM,133,188,,186
20-03-2023,10:00 PM,127,188,,187
20-03-2023,11:00 PM,17,189,,188
20/03/2023 24:00 AM,,8,190,,186
21-03-2023,1:00 AM,11,188,,184
21-03-2023,2:00 AM,32,186,,181
21-03-2023,3:00 AM,47,183,,180
21-03-2023,4:00 AM,65,182,,178
21-03-2023,5:00 AM,71,180,,177
21-03-2023,6:00 AM,77,179,,175
21-03-2023,7:00 AM,113,177,,172
21-03-2023,8:00 AM,120,174,,167
21-03-2023,9:00 AM,143,169,,161
21-03-2023,10:00 AM,121,163,,157
21-03-2023,11:00 AM,124,159,,156
21-03-2023,12:00 PM,97,158,,157
21-03-2023,1:00 PM,51,159,,157
21-03-2023,2:00 PM,33,159,,156
21-03-2023,3:00 PM,32,158,,155
21-03-2023,4:00 PM,20,157,,154
21-03-2023,5:00 PM,25,156,,154
21-03-2023,6:00 PM,32,156,,153
21-03-2023,7:00 PM,48,155,,153
21-03-2023,8:00 PM,52,155,,152
21-03-2023,9:00 PM,63,154,,151
21-03-2023,10:00 PM,70,153,,146
21-03-2023,11:00 PM,59,148,,141
21/03/2023 24:00 AM,,49,143,,145
22-03-2023,1:00 AM,58,147,,148
22-03-2023,2:00 AM,57,150,,151
22-03-2023,3:00 AM,55,153,,151
22-03-2023,4:00 AM,45,153,,152
22-03-2023,5:00 AM,39,154,,151
22-03-2023,6:00 AM,47,153,,150
22-03-2023,7:00 AM,56,152,,148
22-03-2023,8:00 AM,73,150,,143
22-03-2023,9:00 AM,95,145,,139
22-03-2023,10:00 AM,107,141,,135
22-03-2023,11:00 AM,95,137,,134
22-03-2023,12:00 PM,61,136,,132
22-03-2023,1:00 PM,63,134,,129
22-03-2023,2:00 PM,47,131,,130
22-03-2023,3:00 PM,43,132,,131
22-03-2023,4:00 PM,39,133,,132
22-03-2023,5:00 PM,34,134,,133
22-03-2023,6:00 PM,29,135,,134
22-03-2023,7:00 PM,38,136,,134
22-03-2023,8:00 PM,58,136,,133
22-03-2023,9:00 PM,90,135,,134
22-03-2023,10:00 PM,93,136,,136
22-03-2023,11:00 PM,92,138,,138
22/03/2023 24:00 AM,,95,140,,140
23-03-2023,1:00 AM,106,142,,144
23-03-2023,2:00 AM,96,146,,148
23-03-2023,3:00 AM,111,150,,151
23-03-2023,4:00 AM,112,153,,152
23-03-2023,5:00 AM,129,154,,154
23-03-2023,6:00 AM,127,156,,156
23-03-2023,7:00 AM,137,158,,158
23-03-2023,8:00 AM,166,160,,160
23-03-2023,9:00 AM,210,162,,162
23-03-2023,10:00 AM,NoData,164,,NoData
23-03-2023,11:00 AM,81,#VALUE!,,164
23-03-2023,12:00 PM,76,166,,164
23-03-2023,1:00 PM,59,166,,164
23-03-2023,2:00 PM,49,166,,164
23-03-2023,3:00 PM,40,166,,164
23-03-2023,4:00 PM,36,166,,164
23-03-2023,5:00 PM,42,166,,164
23-03-2023,6:00 PM,46,166,,164
23-03-2023,7:00 PM,60,166,,165
23-03-2023,8:00 PM,76,167,,165
23-03-2023,9:00 PM,90,167,,166
23-03-2023,10:00 PM,96,168,,166
23-03-2023,11:00 PM,92,168,,166
23/03/2023 24:00 AM,,84,168,,166
24-03-2023,1:00 AM,89,168,,165
24-03-2023,2:00 AM,71,167,,165
24-03-2023,3:00 AM,82,167,,164
24-03-2023,4:00 AM,77,166,,164
24-03-2023,5:00 AM,87,166,,163
24-03-2023,6:00 AM,107,165,,162
24-03-2023,7:00 AM,111,164,,161
24-03-2023,8:00 AM,131,163,,161
24-03-2023,9:00 AM,168,163,,160
24-03-2023,10:00 AM,99,162,,159
24-03-2023,11:00 AM,94,161,,159
24-03-2023,12:00 PM,101,161,,159
24-03-2023,1:00 PM,74,161,,160
24-03-2023,2:00 PM,58,162,,160
24-03-2023,3:00 PM,63,162,,161
24-03-2023,4:00 PM,43,163,,161
24-03-2023,5:00 PM,45,163,,161
24-03-2023,6:00 PM,38,163,,161
24-03-2023,7:00 PM,45,163,,161
24-03-2023,8:00 PM,62,163,,161
24-03-2023,9:00 PM,55,163,,161
24-03-2023,10:00 PM,57,163,,160
24-03-2023,11:00 PM,53,162,,159
24/03/2023 24:00 AM,,54,161,,158
25-03-2023,1:00 AM,55,160,,157
25-03-2023,2:00 AM,49,159,,156
25-03-2023,3:00 AM,48,158,,156
25-03-2023,4:00 AM,98,158,,155
25-03-2023,5:00 AM,102,157,,155
25-03-2023,6:00 AM,91,157,,156
25-03-2023,7:00 AM,94,158,,155
25-03-2023,8:00 AM,81,157,,155
25-03-2023,9:00 AM,83,157,,154
25-03-2023,10:00 AM,61,156,,152
25-03-2023,11:00 AM,50,154,,151
25-03-2023,12:00 PM,36,153,,148
25-03-2023,1:00 PM,29,150,,143
25-03-2023,2:00 PM,24,145,,139
25-03-2023,3:00 PM,26,141,,137
25-03-2023,4:00 PM,27,139,,134
25-03-2023,5:00 PM,20,136,,132
25-03-2023,6:00 PM,19,134,,130
25-03-2023,7:00 PM,22,132,,129
25-03-2023,8:00 PM,26,131,,127
25-03-2023,9:00 PM,51,129,,124
25-03-2023,10:00 PM,54,126,,123
25-03-2023,11:00 PM,51,125,,123
25/03/2023 24:00 AM,,59,125,,123
26-03-2023,1:00 AM,46,125,,123
26-03-2023,2:00 AM,44,125,,123
26-03-2023,3:00 AM,50,125,,122
26-03-2023,4:00 AM,57,124,,122
26-03-2023,5:00 AM,48,124,,119
26-03-2023,6:00 AM,65,121,,115
26-03-2023,7:00 AM,75,117,,113
26-03-2023,8:00 AM,86,115,,111
26-03-2023,9:00 AM,72,113,,111
26-03-2023,10:00 AM,49,113,,111
26-03-2023,11:00 AM,42,113,,110
26-03-2023,12:00 PM,33,112,,109
26-03-2023,1:00 PM,34,111,,109
26-03-2023,2:00 PM,27,111,,109
26-03-2023,3:00 PM,26,111,,109
26-03-2023,4:00 PM,35,111,,109
26-03-2023,5:00 PM,28,111,,110
26-03-2023,6:00 PM,27,112,,111
26-03-2023,7:00 PM,37,113,,111
26-03-2023,8:00 PM,39,113,,112
26-03-2023,9:00 PM,55,114,,114
26-03-2023,10:00 PM,75,116,,114
26-03-2023,11:00 PM,96,116,,116
26/03/2023 24:00 AM,,103,118,,119
27-03-2023,1:00 AM,121,121,,123
27-03-2023,2:00 AM,150,125,,129
27-03-2023,3:00 AM,251,131,,138
27-03-2023,4:00 AM,235,140,,151
27-03-2023,5:00 AM,260,153,,156
27-03-2023,6:00 AM,306,158,,161
27-03-2023,7:00 AM,331,163,,167
27-03-2023,8:00 AM,298,169,,173
27-03-2023,9:00 AM,279,175,,178
27-03-2023,10:00 AM,144,180,,183
27-03-2023,11:00 AM,91,185,,185
27-03-2023,12:00 PM,55,187,,186
27-03-2023,1:00 PM,39,188,,187
27-03-2023,2:00 PM,35,189,,187
27-03-2023,3:00 PM,32,189,,187
27-03-2023,4:00 PM,25,189,,187
27-03-2023,5:00 PM,30,189,,187
27-03-2023,6:00 PM,24,189,,187
27-03-2023,7:00 PM,38,189,,187
27-03-2023,8:00 PM,47,189,,187
27-03-2023,9:00 PM,61,189,,187
27-03-2023,10:00 PM,69,189,,187
27-03-2023,11:00 PM,78,189,,187
27/03/2023 24:00 AM,,81,189,,187
28-03-2023,1:00 AM,92,189,,186
28-03-2023,2:00 AM,100,188,,186
28-03-2023,3:00 AM,104,188,,184
28-03-2023,4:00 AM,107,186,,181
28-03-2023,5:00 AM,111,183,,178
28-03-2023,6:00 AM,111,180,,174
28-03-2023,7:00 AM,116,176,,170
28-03-2023,8:00 AM,163,172,,164
28-03-2023,9:00 AM,325,166,,161
28-03-2023,10:00 AM,106,163,,162
28-03-2023,11:00 AM,69,164,,161
28-03-2023,12:00 PM,47,163,,161
28-03-2023,1:00 PM,37,163,,161
28-03-2023,2:00 PM,38,163,,161
28-03-2023,3:00 PM,40,163,,161
28-03-2023,4:00 PM,45,163,,161
28-03-2023,5:00 PM,39,163,,161
28-03-2023,6:00 PM,40,163,,162
28-03-2023,7:00 PM,47,164,,162
28-03-2023,8:00 PM,55,164,,162
28-03-2023,9:00 PM,78,164,,162
28-03-2023,10:00 PM,81,164,,163
28-03-2023,11:00 PM,74,165,,163
28/03/2023 24:00 AM,,77,165,,163
29-03-2023,1:00 AM,70,165,,163
29-03-2023,2:00 AM,NoData,165,,NoData
29-03-2023,3:00 AM,NoData,#VALUE!,,NoData
29-03-2023,4:00 AM,NoData,#VALUE!,,NoData
29-03-2023,5:00 AM,NoData,#VALUE!,,NoData
29-03-2023,6:00 AM,NoData,#VALUE!,,NoData
29-03-2023,7:00 AM,NoData,#VALUE!,,NoData
29-03-2023,8:00 AM,NoData,#VALUE!,,NoData
29-03-2023,9:00 AM,NoData,#VALUE!,,NoData
29-03-2023,10:00 AM,NoData,#VALUE!,,NoData
29-03-2023,11:00 AM,NoData,#VALUE!,,NoData
29-03-2023,12:00 PM,NoData,#VALUE!,,NoData
29-03-2023,1:00 PM,NoData,#VALUE!,,NoData
29-03-2023,2:00 PM,NoData,#VALUE!,,NoData
29-03-2023,3:00 PM,NoData,#VALUE!,,NoData
29-03-2023,4:00 PM,NoData,#VALUE!,,NoData
29-03-2023,5:00 PM,NoData,#VALUE!,,NoData
29-03-2023,6:00 PM,NoData,#VALUE!,,NoData
29-03-2023,7:00 PM,NoData,#VALUE!,,NoData
29-03-2023,8:00 PM,NoData,#VALUE!,,NoData
29-03-2023,9:00 PM,NoData,#VALUE!,,NoData
29-03-2023,10:00 PM,NoData,#VALUE!,,NoData
29-03-2023,11:00 PM,NoData,#VALUE!,,NoData
29/03/2023 24:00 AM,,NoData,#VALUE!,,NoData
30-03-2023,1:00 AM,NoData,#VALUE!,,NoData
30-03-2023,2:00 AM,NoData,#VALUE!,,NoData
30-03-2023,3:00 AM,NoData,#VALUE!,,NoData
30-03-2023,4:00 AM,NoData,#VALUE!,,NoData
30-03-2023,5:00 AM,NoData,#VALUE!,,NoData
30-03-2023,6:00 AM,NoData,#VALUE!,,NoData
30-03-2023,7:00 AM,NoData,#VALUE!,,NoData
30-03-2023,8:00 AM,NoData,#VALUE!,,NoData
30-03-2023,9:00 AM,NoData,#VALUE!,,NoData
30-03-2023,10:00 AM,NoData,#VALUE!,,NoData
30-03-2023,11:00 AM,NoData,#VALUE!,,NoData
30-03-2023,12:00 PM,NoData,#VALUE!,,NoData
30-03-2023,1:00 PM,NoData,#VALUE!,,NoData
30-03-2023,2:00 PM,NoData,#VALUE!,,NoData
30-03-2023,3:00 PM,NoData,#VALUE!,,NoData
30-03-2023,4:00 PM,NoData,#VALUE!,,NoData
30-03-2023,5:00 PM,NoData,#VALUE!,,NoData
30-03-2023,6:00 PM,NoData,#VALUE!,,NoData
30-03-2023,7:00 PM,NoData,#VALUE!,,NoData
30-03-2023,8:00 PM,NoData,#VALUE!,,NoData
30-03-2023,9:00 PM,NoData,#VALUE!,,NoData
30-03-2023,10:00 PM,NoData,#VALUE!,,NoData
30-03-2023,11:00 PM,NoData,#VALUE!,,NoData
30/03/2023 24:00 AM,,NoData,#VALUE!,,NoData
31-03-2023,1:00 AM,NoData,#VALUE!,,NoData
31-03-2023,2:00 AM,NoData,#VALUE!,,NoData
31-03-2023,3:00 AM,NoData,#VALUE!,,NoData
31-03-2023,4:00 AM,NoData,#VALUE!,,NoData
31-03-2023,5:00 AM,NoData,#VALUE!,,NoData
31-03-2023,6:00 AM,NoData,#VALUE!,,NoData
31-03-2023,7:00 AM,NoData,#VALUE!,,NoData
31-03-2023,8:00 AM,NoData,#VALUE!,,NoData
31-03-2023,9:00 AM,NoData,#VALUE!,,NoData
31-03-2023,10:00 AM,NoData,#VALUE!,,NoData
31-03-2023,11:00 AM,NoData,#VALUE!,,NoData
31-03-2023,12:00 PM,NoData,#VALUE!,,NoData
31-03-2023,1:00 PM,NoData,#VALUE!,,NoData
31-03-2023,2:00 PM,NoData,#VALUE!,,NoData
31-03-2023,3:00 PM,NoData,#VALUE!,,NoData
31-03-2023,4:00 PM,NoData,#VALUE!,,NoData
31-03-2023,5:00 PM,NoData,#VALUE!,,NoData
31-03-2023,6:00 PM,NoData,#VALUE!,,NoData
31-03-2023,7:00 PM,NoData,#VALUE!,,NoData
31-03-2023,8:00 PM,NoData,#VALUE!,,NoData
31-03-2023,9:00 PM,NoData,#VALUE!,,NoData
31-03-2023,10:00 PM,NoData,#VALUE!,,NoData
31-03-2023,11:00 PM,NoData,#VALUE!,,NoData
31/03/2023 24:00 AM,,NoData,#VALUE!,,NoData
01-04-2023,1:00 AM,NoData,#VALUE!,,NoData
01-04-2023,2:00 AM,NoData,#VALUE!,,NoData
01-04-2023,3:00 AM,NoData,#VALUE!,,NoData
01-04-2023,4:00 AM,NoData,#VALUE!,,NoData
01-04-2023,5:00 AM,NoData,#VALUE!,,NoData
01-04-2023,6:00 AM,NoData,#VALUE!,,NoData
01-04-2023,7:00 AM,NoData,#VALUE!,,NoData
01-04-2023,8:00 AM,NoData,#VALUE!,,NoData
01-04-2023,9:00 AM,NoData,#VALUE!,,NoData
01-04-2023,10:00 AM,NoData,#VALUE!,,NoData
01-04-2023,11:00 AM,52,#VALUE!,,NoData
01-04-2023,12:00 PM,43,#VALUE!,,NoData
01-04-2023,1:00 PM,38,#VALUE!,,NoData
01-04-2023,2:00 PM,37,#VALUE!,,NoData
01-04-2023,3:00 PM,36,#VALUE!,,NoData
01-04-2023,4:00 PM,34,#VALUE!,,NoData
01-04-2023,5:00 PM,16,#VALUE!,,NoData
01-04-2023,6:00 PM,23,#VALUE!,,NoData
01-04-2023,7:00 PM,27,#VALUE!,,NoData
01-04-2023,8:00 PM,45,#VALUE!,,NoData
01-04-2023,9:00 PM,64,#VALUE!,,NoData
01-04-2023,10:00 PM,142,#VALUE!,,NoData
01-04-2023,11:00 PM,NoData,#VALUE!,,NoData
01/04/2023 24:00 AM,,NoData,#VALUE!,,NoData
02-04-2023,1:00 AM,NoData,#VALUE!,,NoData
02-04-2023,2:00 AM,NoData,#VALUE!,,NoData
02-04-2023,3:00 AM,NoData,#VALUE!,,NoData
02-04-2023,4:00 AM,NoData,#VALUE!,,NoData
02-04-2023,5:00 AM,NoData,#VALUE!,,NoData
02-04-2023,6:00 AM,NoData,#VALUE!,,NoData
02-04-2023,7:00 AM,NoData,#VALUE!,,NoData
02-04-2023,8:00 AM,NoData,#VALUE!,,NoData
02-04-2023,9:00 AM,NoData,#VALUE!,,NoData
02-04-2023,10:00 AM,NoData,#VALUE!,,NoData
02-04-2023,11:00 AM,NoData,#VALUE!,,NoData
02-04-2023,12:00 PM,NoData,#VALUE!,,NoData
02-04-2023,1:00 PM,NoData,#VALUE!,,NoData
02-04-2023,2:00 PM,27,#VALUE!,,NoData
02-04-2023,3:00 PM,30,#VALUE!,,NoData
02-04-2023,4:00 PM,44,#VALUE!,,NoData
02-04-2023,5:00 PM,52,#VALUE!,,NoData
02-04-2023,6:00 PM,53,#VALUE!,,NoData
02-04-2023,7:00 PM,22,#VALUE!,,NoData
02-04-2023,8:00 PM,15,#VALUE!,,NoData
02-04-2023,9:00 PM,32,#VALUE!,,NoData
02-04-2023,10:00 PM,29,#VALUE!,,NoData
02-04-2023,11:00 PM,35,#VALUE!,,NoData
02/04/2023 24:00 AM,,25,#VALUE!,,NoData
03-04-2023,1:00 AM,21,#VALUE!,,NoData
03-04-2023,2:00 AM,21,#VALUE!,,NoData
03-04-2023,3:00 AM,16,#VALUE!,,NoData
03-04-2023,4:00 AM,10,#VALUE!,,NoData
03-04-2023,5:00 AM,20,#VALUE!,,NoData
03-04-2023,6:00 AM,39,#VALUE!,,NoData
03-04-2023,7:00 AM,59,#VALUE!,,NoData
03-04-2023,8:00 AM,92,#VALUE!,,80
03-04-2023,9:00 AM,83,82,,86
03-04-2023,10:00 AM,65,88,,91
03-04-2023,11:00 AM,NoData,93,,NoData
03-04-2023,12:00 PM,NoData,#VALUE!,,NoData
03-04-2023,1:00 PM,NoData,#VALUE!,,NoData
03-04-2023,2:00 PM,26,#VALUE!,,94
03-04-2023,3:00 PM,21,96,,94
03-04-2023,4:00 PM,16,96,,93
03-04-2023,5:00 PM,21,95,,90
03-04-2023,6:00 PM,NoData,92,,NoData
03-04-2023,7:00 PM,NoData,#VALUE!,,NoData
03-04-2023,8:00 PM,NoData,#VALUE!,,NoData
03-04-2023,9:00 PM,NoData,#VALUE!,,NoData
03-04-2023,10:00 PM,NoData,#VALUE!,,NoData
03-04-2023,11:00 PM,NoData,#VALUE!,,NoData
03/04/2023 24:00 AM,,NoData,#VALUE!,,NoData
04-04-2023,1:00 AM,NoData,#VALUE!,,NoData
04-04-2023,2:00 AM,NoData,#VALUE!,,NoData
04-04-2023,3:00 AM,NoData,#VALUE!,,NoData
04-04-2023,4:00 AM,NoData,#VALUE!,,NoData
04-04-2023,5:00 AM,NoData,#VALUE!,,NoData
04-04-2023,6:00 AM,NoData,#VALUE!,,NoData
04-04-2023,7:00 AM,NoData,#VALUE!,,NoData
04-04-2023,8:00 AM,NoData,#VALUE!,,NoData
04-04-2023,9:00 AM,NoData,#VALUE!,,NoData
04-04-2023,10:00 AM,97,#VALUE!,,NoData
04-04-2023,11:00 AM,58,#VALUE!,,NoData
04-04-2023,12:00 PM,31,#VALUE!,,NoData
04-04-2023,1:00 PM,23,#VALUE!,,NoData
04-04-2023,2:00 PM,15,#VALUE!,,NoData
04-04-2023,3:00 PM,17,#VALUE!,,NoData
04-04-2023,4:00 PM,13,#VALUE!,,NoData
04-04-2023,5:00 PM,16,#VALUE!,,NoData
04-04-2023,6:00 PM,26,#VALUE!,,NoData
04-04-2023,7:00 PM,29,#VALUE!,,NoData
04-04-2023,8:00 PM,38,#VALUE!,,NoData
04-04-2023,9:00 PM,57,#VALUE!,,NoData
04-04-2023,10:00 PM,64,#VALUE!,,NoData
04-04-2023,11:00 PM,65,#VALUE!,,NoData
04/04/2023 24:00 AM,,69,#VALUE!,,NoData
05-04-2023,1:00 AM,53,#VALUE!,,NoData
05-04-2023,2:00 AM,52,#VALUE!,,NoData
05-04-2023,3:00 AM,85,#VALUE!,,NoData
05-04-2023,4:00 AM,92,#VALUE!,,109
05-04-2023,5:00 AM,74,111,,114
05-04-2023,6:00 AM,77,116,,116
05-04-2023,7:00 AM,91,118,,119
05-04-2023,8:00 AM,88,121,,123
05-04-2023,9:00 AM,94,125,,126
05-04-2023,10:00 AM,69,128,,129
05-04-2023,11:00 AM,40,131,,127
05-04-2023,12:00 PM,26,129,,125
05-04-2023,1:00 PM,25,127,,125
05-04-2023,2:00 PM,19,127,,125
05-04-2023,3:00 PM,22,127,,125
05-04-2023,4:00 PM,18,127,,126
05-04-2023,5:00 PM,19,128,,126
05-04-2023,6:00 PM,22,128,,126
05-04-2023,7:00 PM,30,128,,126
05-04-2023,8:00 PM,34,128,,126
05-04-2023,9:00 PM,47,128,,126
05-04-2023,10:00 PM,58,128,,125
05-04-2023,11:00 PM,65,127,,125
05/04/2023 24:00 AM,,58,127,,125
06-04-2023,1:00 AM,78,127,,124
06-04-2023,2:00 AM,87,126,,126
06-04-2023,3:00 AM,102,128,,129
06-04-2023,4:00 AM,125,131,,130
06-04-2023,5:00 AM,146,132,,133
06-04-2023,6:00 AM,253,135,,139
06-04-2023,7:00 AM,229,141,,151
06-04-2023,8:00 AM,209,153,,154
06-04-2023,9:00 AM,186,156,,157
06-04-2023,10:00 AM,126,159,,160
06-04-2023,11:00 AM,48,162,,161
06-04-2023,12:00 PM,34,163,,161
06-04-2023,1:00 PM,29,163,,161
06-04-2023,2:00 PM,29,163,,161
06-04-2023,3:00 PM,34,163,,162
06-04-2023,4:00 PM,21,164,,162
06-04-2023,5:00 PM,19,164,,162
06-04-2023,6:00 PM,23,164,,162
06-04-2023,7:00 PM,35,164,,162
06-04-2023,8:00 PM,33,164,,162
06-04-2023,9:00 PM,77,164,,162
06-04-2023,10:00 PM,83,164,,163
06-04-2023,11:00 PM,68,165,,163
06/04/2023 24:00 AM,,62,165,,164
07-04-2023,1:00 AM,58,166,,164
07-04-2023,2:00 AM,52,166,,163
07-04-2023,3:00 AM,63,165,,162
07-04-2023,4:00 AM,115,164,,161
07-04-2023,5:00 AM,172,163,,161
07-04-2023,6:00 AM,169,163,,162
07-04-2023,7:00 AM,186,164,,160
07-04-2023,8:00 AM,201,162,,159
07-04-2023,9:00 AM,168,161,,158
07-04-2023,10:00 AM,142,160,,158
07-04-2023,11:00 AM,101,160,,158
07-04-2023,12:00 PM,58,160,,160
07-04-2023,1:00 PM,30,162,,160
07-04-2023,2:00 PM,29,162,,160
07-04-2023,3:00 PM,25,162,,160
07-04-2023,4:00 PM,25,162,,160
07-04-2023,5:00 PM,28,162,,160
07-04-2023,6:00 PM,32,162,,160
07-04-2023,7:00 PM,36,162,,161
07-04-2023,8:00 PM,49,163,,161
07-04-2023,9:00 PM,59,163,,161
07-04-2023,10:00 PM,67,163,,161
07-04-2023,11:00 PM,45,163,,160
07/04/2023 24:00 AM,,54,162,,160
08-04-2023,1:00 AM,50,162,,159
08-04-2023,2:00 AM,65,161,,159
08-04-2023,3:00 AM,100,161,,160
08-04-2023,4:00 AM,143,162,,160
08-04-2023,5:00 AM,186,162,,161
08-04-2023,6:00 AM,216,163,,162
08-04-2023,7:00 AM,247,164,,163
08-04-2023,8:00 AM,218,165,,164
08-04-2023,9:00 AM,184,166,,165
08-04-2023,10:00 AM,135,167,,165
08-04-2023,11:00 AM,184,167,,165
08-04-2023,12:00 PM,112,167,,167
08-04-2023,1:00 PM,59,169,,168
08-04-2023,2:00 PM,31,170,,169
08-04-2023,3:00 PM,32,171,,169
08-04-2023,4:00 PM,31,171,,169
08-04-2023,5:00 PM,33,171,,169
08-04-2023,6:00 PM,37,171,,169
08-04-2023,7:00 PM,38,171,,169
08-04-2023,8:00 PM,49,171,,169
08-04-2023,9:00 PM,78,171,,169
08-04-2023,10:00 PM,93,171,,170
08-04-2023,11:00 PM,97,172,,170
08/04/2023 24:00 AM,,110,172,,172
09-04-2023,1:00 AM,186,174,,173
09-04-2023,2:00 AM,133,175,,176
09-04-2023,3:00 AM,106,178,,178
09-04-2023,4:00 AM,109,180,,178
09-04-2023,5:00 AM,105,180,,177
09-04-2023,6:00 AM,191,179,,175
09-04-2023,7:00 AM,220,177,,175
09-04-2023,8:00 AM,261,177,,174
09-04-2023,9:00 AM,246,176,,175
09-04-2023,10:00 AM,180,177,,177
09-04-2023,11:00 AM,118,179,,178
09-04-2023,12:00 PM,103,180,,176
09-04-2023,1:00 PM,68,178,,176
09-04-2023,2:00 PM,62,178,,176
09-04-2023,3:00 PM,49,178,,177
09-04-2023,4:00 PM,47,179,,177
09-04-2023,5:00 PM,48,179,,178
09-04-2023,6:00 PM,61,180,,178
09-04-2023,7:00 PM,75,180,,179
09-04-2023,8:00 PM,108,181,,179
09-04-2023,9:00 PM,122,181,,181
09-04-2023,10:00 PM,135,183,,182
09-04-2023,11:00 PM,39,184,,183
09/04/2023 24:00 AM,,54,185,,182
10-04-2023,1:00 AM,43,184,,180
10-04-2023,2:00 AM,27,182,,177
10-04-2023,3:00 AM,24,179,,174
10-04-2023,4:00 AM,NoData,176,,NoData
10-04-2023,5:00 AM,NoData,#VALUE!,,NoData
10-04-2023,6:00 AM,NoData,#VALUE!,,NoData
10-04-2023,7:00 AM,NoData,#VALUE!,,NoData
10-04-2023,8:00 AM,NoData,#VALUE!,,NoData
10-04-2023,9:00 AM,NoData,#VALUE!,,NoData
10-04-2023,10:00 AM,104,#VALUE!,,156
10-04-2023,11:00 AM,66,158,,154
10-04-2023,12:00 PM,54,156,,152
10-04-2023,1:00 PM,57,154,,150
10-04-2023,2:00 PM,54,152,,149
10-04-2023,3:00 PM,70,151,,148
10-04-2023,4:00 PM,NoData,150,,NoData
10-04-2023,5:00 PM,NoData,#VALUE!,,NoData
10-04-2023,6:00 PM,NoData,#VALUE!,,NoData
10-04-2023,7:00 PM,NoData,#VALUE!,,NoData
10-04-2023,8:00 PM,NoData,#VALUE!,,NoData
10-04-2023,9:00 PM,NoData,#VALUE!,,NoData
10-04-2023,10:00 PM,NoData,#VALUE!,,NoData
10-04-2023,11:00 PM,NoData,#VALUE!,,NoData
10/04/2023 24:00 AM,,NoData,#VALUE!,,NoData
11-04-2023,1:00 AM,NoData,#VALUE!,,NoData
11-04-2023,2:00 AM,NoData,#VALUE!,,NoData
11-04-2023,3:00 AM,NoData,#VALUE!,,NoData
11-04-2023,4:00 AM,NoData,#VALUE!,,NoData
11-04-2023,5:00 AM,NoData,#VALUE!,,NoData
11-04-2023,6:00 AM,NoData,#VALUE!,,NoData
11-04-2023,7:00 AM,NoData,#VALUE!,,NoData
11-04-2023,8:00 AM,NoData,#VALUE!,,NoData
11-04-2023,9:00 AM,181,#VALUE!,,NoData
11-04-2023,10:00 AM,127,#VALUE!,,NoData
11-04-2023,11:00 AM,154,#VALUE!,,NoData
11-04-2023,12:00 PM,97,#VALUE!,,NoData
11-04-2023,1:00 PM,53,#VALUE!,,NoData
11-04-2023,2:00 PM,63,#VALUE!,,NoData
11-04-2023,3:00 PM,66,#VALUE!,,NoData
11-04-2023,4:00 PM,63,#VALUE!,,NoData
11-04-2023,5:00 PM,66,#VALUE!,,NoData
11-04-2023,6:00 PM,68,#VALUE!,,NoData
11-04-2023,7:00 PM,73,#VALUE!,,NoData
11-04-2023,8:00 PM,89,#VALUE!,,NoData
11-04-2023,9:00 PM,106,#VALUE!,,NoData
11-04-2023,10:00 PM,107,#VALUE!,,NoData
11-04-2023,11:00 PM,120,#VALUE!,,NoData
11/04/2023 24:00 AM,,122,#VALUE!,,NoData
12-04-2023,1:00 AM,90,#VALUE!,,NoData
12-04-2023,2:00 AM,86,#VALUE!,,NoData
12-04-2023,3:00 AM,93,#VALUE!,,168
12-04-2023,4:00 AM,90,170,,168
12-04-2023,5:00 AM,83,170,,167
12-04-2023,6:00 AM,75,169,,167
12-04-2023,7:00 AM,104,169,,167
12-04-2023,8:00 AM,103,169,,167
12-04-2023,9:00 AM,102,169,,167
12-04-2023,10:00 AM,86,169,,165
12-04-2023,11:00 AM,77,167,,164
12-04-2023,12:00 PM,97,166,,162
12-04-2023,1:00 PM,80,164,,162
12-04-2023,2:00 PM,67,164,,163
12-04-2023,3:00 PM,66,165,,163
12-04-2023,4:00 PM,55,165,,163
12-04-2023,5:00 PM,52,165,,163
12-04-2023,6:00 PM,63,165,,163
12-04-2023,7:00 PM,66,165,,162
12-04-2023,8:00 PM,75,164,,162
12-04-2023,9:00 PM,90,164,,162
12-04-2023,10:00 PM,105,164,,162
12-04-2023,11:00 PM,140,164,,161
12/04/2023 24:00 AM,,152,163,,162
13-04-2023,1:00 AM,141,164,,163
13-04-2023,2:00 AM,114,165,,164
13-04-2023,3:00 AM,109,166,,165
13-04-2023,4:00 AM,100,167,,165
13-04-2023,5:00 AM,96,167,,165
13-04-2023,6:00 AM,105,167,,166
13-04-2023,7:00 AM,130,168,,166
13-04-2023,8:00 AM,133,168,,167
13-04-2023,9:00 AM,132,169,,168
13-04-2023,10:00 AM,101,170,,168
13-04-2023,11:00 AM,96,170,,169
13-04-2023,12:00 PM,61,171,,169
13-04-2023,1:00 PM,55,171,,168
13-04-2023,2:00 PM,60,170,,168
13-04-2023,3:00 PM,52,170,,167
13-04-2023,4:00 PM,50,169,,167
13-04-2023,5:00 PM,51,169,,167
13-04-2023,6:00 PM,56,169,,167
13-04-2023,7:00 PM,65,169,,167
13-04-2023,8:00 PM,70,169,,167
13-04-2023,9:00 PM,90,169,,167
13-04-2023,10:00 PM,75,169,,167
13-04-2023,11:00 PM,45,169,,166
13/04/2023 24:00 AM,,41,168,,164
14-04-2023,1:00 AM,26,166,,161
14-04-2023,2:00 AM,28,163,,158
14-04-2023,3:00 AM,29,160,,156
14-04-2023,4:00 AM,33,158,,154
14-04-2023,5:00 AM,36,156,,153
14-04-2023,6:00 AM,53,155,,151
14-04-2023,7:00 AM,51,153,,149
14-04-2023,8:00 AM,87,151,,143
14-04-2023,9:00 AM,83,145,,139
14-04-2023,10:00 AM,69,141,,135
14-04-2023,11:00 AM,49,137,,132
14-04-2023,12:00 PM,43,134,,128
14-04-2023,1:00 PM,51,130,,127
14-04-2023,2:00 PM,40,129,,127
14-04-2023,3:00 PM,34,129,,125
14-04-2023,4:00 PM,38,127,,123
14-04-2023,5:00 PM,38,125,,122
14-04-2023,6:00 PM,35,124,,121
14-04-2023,7:00 PM,38,123,,120
14-04-2023,8:00 PM,41,122,,117
14-04-2023,9:00 PM,43,119,,115
14-04-2023,10:00 PM,54,117,,111
14-04-2023,11:00 PM,61,113,,109
14/04/2023 24:00 AM,,66,111,,111
15-04-2023,1:00 AM,72,113,,113
15-04-2023,2:00 AM,84,115,,117
15-04-2023,3:00 AM,89,119,,121
15-04-2023,4:00 AM,85,123,,126
15-04-2023,5:00 AM,83,128,,130
15-04-2023,6:00 AM,124,132,,134
15-04-2023,7:00 AM,143,136,,140
15-04-2023,8:00 AM,193,142,,148
15-04-2023,9:00 AM,226,150,,152
15-04-2023,10:00 AM,211,154,,156
15-04-2023,11:00 AM,152,158,,159
15-04-2023,12:00 PM,86,161,,161
15-04-2023,1:00 PM,50,163,,162
15-04-2023,2:00 PM,50,164,,162
15-04-2023,3:00 PM,46,164,,163
15-04-2023,4:00 PM,47,165,,163
15-04-2023,5:00 PM,52,165,,163
15-04-2023,6:00 PM,52,165,,163
15-04-2023,7:00 PM,54,165,,164
15-04-2023,8:00 PM,70,166,,164
15-04-2023,9:00 PM,101,166,,165
15-04-2023,10:00 PM,115,167,,166
15-04-2023,11:00 PM,147,168,,168
15/04/2023 24:00 AM,,179,170,,170
,,,172,,
