T,TM,Tm,SLP,H,VV,V,VM,PM 2.5
18.7,23.8,11.3,1017.5,58.0,1.8,3.1,5.4,223.20833333333331
17.9,22.6,10.2,1014.3,46.0,1.9,5.9,11.1,200.64583333333337
16.7,22.1,9.8,1014.6,80.0,1.8,0.9,3.5,285.225
16.4,20.2,12.2,1016.2,80.0,1.1,0.9,3.5,236.825
13.0,19.9,9.1,1016.9,79.0,1.8,3.5,3.5,276.90833333333336
13.3,19.6,8.6,1015.2,80.0,1.3,0.9,3.5,108.0
17.9,23.0,7.2,1014.8,54.0,1.6,3.1,5.4,171.42916666666665
17.7,22.0,9.2,1017.1,50.0,1.9,3.5,3.5,332.7083333333333
16.9,22.0,6.7,1017.7,49.0,1.9,3.1,5.4,279.6
17.4,21.3,8.6,1016.9,50.0,1.9,4.4,5.4,179.11666666666667
19.2,25.5,8.2,1011.3,63.0,1.8,3.5,5.4,192.29166666666663
18.0,26.0,10.1,1014.9,54.0,1.9,3.1,5.4,132.20833333333334
21.2,27.7,14.3,1013.9,61.0,1.9,5.0,5.4,122.5
21.8,25.8,12.4,1013.1,45.0,1.9,8.3,9.4,119.33333333333331
23.2,28.6,11.1,1018.5,53.0,1.9,0.9,3.5,62.708333333333336
24.9,29.7,15.9,1011.3,55.0,1.9,4.4,5.4,122.70833333333331
24.8,29.0,15.4,1011.5,52.0,1.9,1.9,3.5,76.54166666666667
21.1,28.0,14.3,1014.8,61.0,1.8,1.9,3.5,77.20833333333333
23.9,28.0,12.4,1014.6,53.0,1.9,0.9,3.5,87.83333333333333
24.0,28.0,14.1,1011.9,45.0,1.9,3.5,3.5,90.04166666666667
27.9,32.6,16.7,1009.6,44.0,1.9,1.9,3.5,64.79166666666667
27.1,32.6,18.2,1010.4,34.0,1.9,3.5,5.4,62.875
24.4,30.4,14.0,1008.0,36.0,1.9,5.4,5.4,88.375
26.8,31.4,17.6,1012.1,48.0,1.9,3.1,3.5,87.58333333333333
28.5,32.6,17.9,1010.3,38.0,1.9,3.5,3.5,0.0
31.9,36.5,20.8,1005.0,35.0,1.9,1.9,3.5,15.166666666666666
31.9,37.1,19.8,1007.9,50.0,1.9,1.9,3.5,25.75
31.8,37.1,18.5,1005.9,33.0,1.9,0.9,3.5,105.33333333333331
30.8,36.7,17.4,1009.0,29.0,1.9,0.9,3.5,117.75
32.6,37.1,16.3,1007.2,24.0,1.9,2.8,3.5,20.791666666666668
35.0,40.5,22.8,1005.0,32.0,1.9,0.9,3.5,42.958333333333336
34.8,40.5,24.4,1005.1,28.0,1.9,1.9,3.5,0.0
33.1,40.0,21.3,1001.2,18.0,1.9,3.1,5.4,106.95833333333331
38.7,43.6,22.4,1002.0,16.0,2.6,1.9,3.5,133.375
34.1,43.6,26.0,1004.0,40.0,1.9,4.4,5.4,102.41666666666669
32.1,37.8,23.8,1004.0,38.0,1.9,6.5,7.6,101.75
32.2,36.5,24.8,1006.0,45.0,1.9,5.0,7.6,107.29166666666669
32.5,35.2,24.0,1006.9,44.0,1.9,5.9,9.4,96.25
32.2,35.8,22.9,1005.8,47.0,1.9,3.5,5.4,76.25
38.1,42.0,25.1,1002.8,26.0,1.9,2.8,3.5,108.0
38.5,42.2,26.5,1000.0,19.0,1.9,1.9,3.5,125.625
38.8,42.3,27.8,998.1,22.0,1.9,2.2,5.4,137.16666666666666
34.7,38.9,25.4,996.9,50.0,1.9,6.1,7.6,89.54166666666667
30.9,39.1,23.0,999.7,51.0,1.9,3.7,7.6,87.25
30.3,39.1,21.9,1001.2,57.0,1.9,4.1,5.4,107.625
36.6,40.4,29.1,998.7,40.0,1.9,0.9,3.5,97.625
27.3,40.0,21.1,1001.8,72.0,1.9,3.5,3.5,76.95833333333333
26.8,31.2,21.1,1003.0,75.0,1.9,2.8,3.5,72.25
36.5,39.7,26.3,1001.4,47.0,1.9,2.8,3.5,65.16666666666667
35.9,40.0,26.2,1002.5,54.0,1.9,2.8,3.5,67.08333333333333
32.4,35.8,25.1,1002.5,51.0,1.9,7.4,11.1,77.66666666666667
34.1,36.7,24.4,999.5,53.0,1.9,4.4,5.4,70.25
33.8,36.7,26.7,998.2,55.0,1.9,4.1,5.4,75.125
37.8,40.4,28.0,997.0,39.0,1.9,1.9,3.5,77.0
33.4,40.4,25.3,997.3,56.0,1.9,4.1,5.4,32.958333333333336
32.4,36.0,26.6,996.2,62.0,1.9,2.2,5.4,40.833333333333336
34.1,36.8,27.1,1001.5,62.0,1.9,3.5,3.5,90.70833333333331
30.9,36.5,25.8,1000.5,76.0,1.8,2.8,7.6,97.29166666666669
30.8,35.8,24.6,999.8,75.0,1.9,3.1,5.4,79.83333333333333
32.8,38.3,27.8,1000.4,66.0,1.9,2.8,3.5,40.375
33.3,36.8,27.3,998.6,62.0,1.9,0.9,3.5,43.66666666666666
31.8,37.4,25.7,995.5,78.0,1.9,1.9,3.5,0.0
26.8,34.4,22.8,998.3,86.0,1.9,0.9,3.5,29.666666666666668
33.1,35.0,26.2,997.6,67.0,1.9,1.9,3.5,43.66666666666666
31.8,34.9,27.2,997.6,77.0,1.9,1.9,3.5,41.458333333333336
33.8,36.5,27.8,998.7,68.0,1.9,2.8,3.5,70.58333333333333
33.9,36.5,27.2,998.8,64.0,1.9,0.9,3.5,52.458333333333336
30.6,36.3,24.5,999.5,78.0,1.9,2.8,3.5,36.583333333333336
30.4,35.7,26.4,1002.6,80.0,1.9,2.8,3.5,26.58333333333333
29.8,32.1,25.7,1002.2,81.0,1.9,2.2,5.4,30.70833333333333
28.3,29.8,24.4,999.2,82.0,1.9,3.5,3.5,25.541666666666668
31.3,34.0,25.0,997.2,68.0,1.9,1.9,3.5,28.375
32.8,34.8,24.8,999.8,66.0,1.9,2.8,3.5,35.375
33.1,34.9,26.0,999.6,63.0,1.9,4.1,5.4,31.916666666666668
31.4,34.9,26.3,997.6,71.0,1.9,4.1,5.4,36.79166666666666
29.4,33.1,25.6,1000.0,81.0,1.9,1.9,7.6,21.125
32.3,34.8,25.8,996.1,68.0,1.9,2.8,3.5,28.041666666666668
31.8,34.2,24.7,1002.2,64.0,1.9,1.9,3.5,70.54166666666667
31.9,34.2,25.0,1002.5,69.0,1.9,2.2,5.4,58.54166666666666
30.1,34.1,25.6,1002.2,68.0,1.9,3.5,3.5,82.875
32.6,35.1,25.2,1005.3,69.0,1.9,2.8,3.5,41.04166666666666
30.0,35.6,24.8,1002.6,76.0,1.9,2.8,7.6,45.25
31.0,33.4,24.5,999.8,74.0,1.9,2.8,5.4,30.33333333333333
30.8,33.4,24.3,999.8,68.0,1.9,4.4,5.4,31.75
31.2,34.3,24.1,1002.9,65.0,1.9,3.5,3.5,0.0
31.8,35.1,24.8,1004.4,65.0,1.9,3.5,3.5,0.0
32.1,35.2,25.3,1005.5,63.0,1.9,3.5,3.5,0.0
29.7,35.1,24.4,1006.6,75.0,1.9,2.8,3.5,83.45833333333333
32.2,36.5,23.4,1004.7,65.0,1.9,0.9,3.5,37.333333333333336
31.4,34.0,23.5,1004.6,70.0,1.9,0.9,3.5,76.91666666666667
31.2,34.2,23.1,1006.2,66.0,1.8,0.9,3.5,60.54166666666666
31.3,34.9,21.3,1005.9,59.0,1.9,0.9,3.5,41.583333333333336
29.4,34.8,16.6,1008.4,44.0,1.9,0.9,3.5,95.25
29.7,34.4,18.3,1009.5,51.0,1.9,1.9,3.5,115.83333333333331
29.2,34.2,15.9,1011.0,52.0,1.9,0.9,3.5,149.66666666666666
29.7,34.6,16.8,1006.6,45.0,1.9,1.9,3.5,160.66666666666666
28.9,34.6,17.2,1007.7,46.0,1.9,1.9,3.5,173.58333333333334
29.5,34.5,17.6,1008.4,46.0,1.9,2.8,3.5,168.625
26.4,32.1,13.4,1013.8,51.0,1.9,1.9,3.5,226.29166666666663
25.8,32.0,15.6,1011.7,55.0,1.9,0.9,3.5,291.7083333333333
23.6,28.4,13.5,1009.8,61.0,1.4,0.9,3.5,332.4583333333333
22.8,29.2,11.6,1014.0,54.0,1.9,0.9,3.5,235.33333333333331
22.4,27.9,12.7,1015.8,45.0,1.9,2.8,3.5,172.83333333333334
21.8,27.9,12.6,1014.1,54.0,1.9,0.9,3.5,166.70833333333334
23.4,29.7,13.6,1012.3,48.0,1.9,0.9,3.5,207.91666666666663
22.5,28.9,11.7,1014.2,51.0,1.9,1.3,5.4,134.45833333333334
23.6,29.5,15.1,1012.4,44.0,1.9,2.8,3.5,160.0
14.6,19.2,7.5,1016.8,90.0,1.0,0.9,3.5,312.2083333333333
18.6,24.2,9.5,1016.7,49.0,1.9,0.9,3.5,284.1666666666667
17.7,25.1,6.4,1011.9,64.0,1.4,0.9,3.5,166.91666666666666
17.7,22.6,8.5,1016.2,57.0,1.9,1.9,3.5,186.04166666666663
17.9,22.8,7.8,1016.5,70.0,1.8,1.9,3.5,284.7958333333333
13.5,19.1,11.1,1012.0,91.0,1.8,3.5,3.5,154.03750000000002
13.9,20.2,6.5,1016.1,43.0,1.9,4.4,5.4,154.875
11.9,20.2,7.2,1018.4,76.0,1.8,1.9,3.5,218.6708333333333
16.6,22.3,6.5,1022.2,46.0,1.9,2.2,5.4,108.0
19.6,24.4,10.4,1019.3,57.0,1.9,1.9,3.5,239.85
19.8,25.9,9.3,1018.7,52.0,1.9,1.9,3.5,220.1916666666667
19.6,25.9,10.8,1019.4,68.0,1.9,2.8,5.4,181.01250000000005
17.8,21.5,8.8,1015.1,70.0,1.8,2.8,5.4,319.7375
17.6,21.6,9.5,1016.4,68.0,1.9,4.1,5.4,332.7083333333333
18.6,23.2,8.8,1019.2,66.0,1.8,0.9,3.5,279.6
18.9,23.8,9.9,1017.7,60.0,1.9,2.2,5.4,179.11666666666667
18.4,23.2,10.0,1015.4,54.0,3.5,1.9,3.5,93.375
17.8,22.2,9.5,1014.8,54.0,3.1,5.4,5.4,211.125
20.9,26.2,10.4,1019.9,58.0,3.1,1.9,3.5,109.33333333333331
21.8,26.9,12.4,1016.9,54.0,2.6,1.9,3.5,0.0
21.3,26.9,12.6,1016.2,68.0,3.2,2.8,3.5,0.0
21.8,26.1,15.2,1011.8,47.0,3.5,4.1,7.6,119.33333333333331
21.2,26.1,11.7,1014.1,41.0,3.5,6.1,7.6,67.125
20.8,24.8,10.9,1015.2,37.0,4.0,8.9,11.1,46.708333333333336
24.0,29.5,15.4,1012.9,53.0,3.5,2.8,3.5,21.20833333333333
22.8,29.7,13.4,1010.9,40.0,3.5,3.1,5.4,1.8333333333333333
24.5,30.6,11.5,1008.9,39.0,3.5,2.8,3.5,105.83333333333331
22.7,30.6,16.1,1009.0,49.0,3.5,5.0,5.4,117.58333333333331
18.1,23.2,10.1,1010.0,62.0,3.1,1.9,3.5,159.08333333333334
23.2,27.9,10.6,1014.3,38.0,3.5,2.8,3.5,77.20833333333333
25.1,30.4,13.2,1011.6,38.0,4.0,2.8,3.5,87.83333333333333
23.7,30.4,13.4,1010.2,48.0,4.0,4.6,7.6,90.04166666666667
28.0,35.7,15.9,1009.1,47.0,3.5,0.9,3.5,88.375
30.0,35.7,19.5,1009.0,42.0,3.5,2.2,5.4,77.66666666666667
29.9,34.4,19.0,1010.4,35.0,4.0,4.4,5.4,52.04166666666666
32.7,37.4,22.5,1006.7,34.0,4.0,6.1,7.6,0.0
33.8,38.1,21.8,1007.5,35.0,4.0,4.1,5.4,0.0
34.1,38.1,22.3,1005.2,33.0,4.0,3.5,5.4,23.20833333333333
32.3,37.8,21.2,1004.2,34.0,4.0,4.4,5.4,15.166666666666666
30.9,37.7,19.2,1006.9,36.0,4.0,3.5,5.4,25.75
29.8,34.0,16.4,1007.9,19.0,4.0,8.0,9.4,20.791666666666668
33.6,38.3,19.6,1005.4,21.0,6.9,4.4,5.4,87.375
32.1,39.1,24.6,1002.0,47.0,3.1,4.6,9.4,30.875
34.2,39.1,23.0,1002.2,33.0,3.1,1.9,3.5,75.58333333333333
34.4,39.1,22.6,1003.8,30.0,4.0,4.1,5.4,106.95833333333331
34.8,39.0,22.0,1005.4,25.0,4.0,4.1,5.4,0.0
33.6,37.2,20.0,1007.8,26.0,4.0,3.1,5.4,94.75
32.1,39.3,21.7,1006.8,40.0,3.5,2.2,5.4,133.375
34.8,38.4,21.2,1007.3,27.0,4.0,4.6,7.6,102.41666666666669
33.4,40.7,24.2,1002.5,42.0,4.0,4.4,5.4,149.58333333333334
33.6,37.2,25.0,1005.0,40.0,4.0,6.1,7.6,107.29166666666669
36.6,40.3,25.7,1005.6,36.0,4.0,1.9,3.5,96.25
36.4,41.4,28.1,998.8,32.0,4.0,2.8,3.5,108.0
34.4,37.7,22.7,1002.4,39.0,4.0,2.8,3.5,137.16666666666666
37.6,40.7,25.5,998.5,37.0,4.0,3.5,3.5,110.41666666666669
32.9,40.7,23.9,999.6,50.0,4.0,6.5,7.6,95.83333333333331
33.9,37.7,23.4,1000.8,49.0,2.6,2.2,5.4,38.66666666666666
38.8,41.8,27.8,998.0,29.0,4.0,4.1,5.4,65.16666666666667
40.0,43.7,27.7,997.0,29.0,4.0,3.5,3.5,67.08333333333333
32.4,36.2,23.1,1001.5,54.0,1.9,1.9,3.5,70.25
36.7,38.5,23.7,999.5,44.0,3.5,2.8,3.5,75.125
32.9,38.5,22.9,999.5,46.0,3.1,2.8,3.5,37.16666666666666
31.2,37.6,23.4,1000.8,59.0,3.1,2.2,3.5,40.833333333333336
33.2,36.2,24.8,999.9,54.0,2.6,3.5,3.5,42.54166666666666
34.1,37.0,25.8,998.3,53.0,2.6,3.5,3.5,93.08333333333331
33.1,35.6,24.7,999.7,63.0,4.0,1.9,3.5,87.75
35.3,37.4,25.7,997.0,60.0,4.0,0.9,1.9,63.5
29.8,35.8,26.3,999.6,81.0,1.9,2.2,3.5,43.66666666666666
27.4,32.5,23.7,999.8,88.0,1.8,2.2,3.5,52.16666666666666
27.9,34.6,24.7,997.4,87.0,1.9,1.3,3.5,0.0
31.7,33.9,25.1,996.8,76.0,3.1,1.3,5.4,29.666666666666668
33.6,35.8,26.8,994.7,71.0,2.6,3.5,5.4,47.75
30.2,36.3,25.2,1000.2,76.0,1.9,3.5,3.5,56.708333333333336
31.4,33.4,24.2,1000.6,67.0,3.5,3.1,5.4,35.208333333333336
31.8,34.0,25.7,1000.2,69.0,4.0,3.1,5.4,37.625
33.4,35.3,25.7,999.8,67.0,4.0,4.1,5.4,65.75
32.2,34.4,25.9,998.2,67.0,3.5,3.5,3.5,70.58333333333333
29.2,32.8,23.1,997.2,81.0,1.9,3.1,5.4,33.166666666666664
30.3,33.6,24.3,999.7,80.0,2.6,2.2,5.4,38.25
29.7,33.6,25.2,1001.7,77.0,2.6,4.1,5.4,26.58333333333333
30.6,32.7,25.6,1000.7,78.0,1.9,2.2,3.5,41.375
29.2,32.7,26.6,1000.4,83.0,1.9,3.5,3.5,25.541666666666668
31.3,33.4,26.4,997.1,74.0,1.9,3.5,3.5,28.375
31.2,35.3,27.4,1000.4,78.0,2.6,3.1,3.5,31.916666666666668
31.2,35.3,26.0,998.5,79.0,1.9,0.9,3.5,36.79166666666666
32.8,35.0,26.6,1003.3,63.0,1.9,0.9,3.5,26.83333333333333
33.9,37.4,26.6,999.8,56.0,4.0,5.0,7.6,18.0
34.3,37.0,27.2,998.9,58.0,4.0,4.4,5.4,28.041666666666668
29.8,34.5,25.5,1003.2,83.0,3.1,3.5,5.4,70.54166666666667
30.7,33.7,24.7,1002.4,76.0,4.0,0.4,1.9,58.54166666666666
30.9,33.7,25.5,1001.3,76.0,4.0,3.5,3.5,82.875
31.3,33.9,24.6,1001.7,69.0,3.5,5.6,7.6,41.04166666666666
31.9,34.3,25.5,1002.0,69.0,4.0,6.5,7.6,45.25
30.1,34.3,25.4,1002.7,73.0,1.9,3.5,3.5,34.416666666666664
28.0,33.1,24.4,1002.6,88.0,1.8,1.9,3.5,33.166666666666664
27.9,31.5,23.1,1002.9,84.0,3.5,2.2,3.5,30.625
31.3,34.4,24.3,1002.8,70.0,2.6,2.8,3.5,30.33333333333333
31.0,33.9,23.4,1006.2,69.0,4.0,0.4,1.9,0.0
31.7,33.9,24.8,1004.1,68.0,4.0,4.1,5.4,0.0
32.9,35.5,25.2,1006.1,63.0,1.9,1.9,3.5,0.0
32.7,35.6,25.2,1004.5,58.0,1.9,1.9,3.5,71.66666666666667
29.9,35.6,25.4,1005.0,73.0,3.5,0.9,3.5,65.625
31.1,33.8,25.6,1003.9,68.0,1.9,0.9,3.5,53.375
27.2,30.1,22.0,1007.3,81.0,1.9,2.8,3.5,46.54166666666666
29.9,33.5,22.7,1004.7,70.0,2.6,3.5,3.5,43.958333333333336
31.2,34.7,22.7,1006.8,68.0,4.0,0.4,1.9,38.79166666666666
30.9,34.3,19.2,1006.7,54.0,1.9,0.9,1.9,30.33333333333333
30.7,34.8,19.5,1005.5,49.0,1.9,1.9,3.5,26.666666666666668
30.4,34.8,20.2,1006.9,62.0,1.9,1.9,3.5,29.0
30.7,34.9,19.5,1007.3,61.0,4.0,1.3,1.9,41.583333333333336
29.8,34.8,18.3,1005.0,50.0,1.9,0.9,3.5,95.25
28.3,34.5,17.2,1007.6,53.0,4.0,0.9,3.5,149.66666666666666
27.8,33.5,16.5,1010.6,46.0,2.6,2.2,5.4,174.66666666666666
24.7,29.2,16.5,1014.9,70.0,1.8,1.3,1.9,99.70833333333331
23.9,28.8,15.7,1013.8,75.0,1.8,0.9,3.5,309.375
21.2,26.2,12.6,1014.9,62.0,1.8,2.2,3.5,251.20833333333331
23.2,27.3,14.7,1014.5,56.0,1.8,0.9,3.5,172.83333333333334
21.2,27.3,14.1,1015.8,56.0,1.8,3.5,3.5,166.70833333333334
19.8,25.0,11.2,1013.0,50.0,1.9,2.8,3.5,274.875
19.8,25.2,8.5,1014.9,58.0,1.8,1.9,3.5,207.91666666666663
20.1,25.6,10.5,1015.3,58.0,1.8,1.9,3.5,134.45833333333334
19.8,26.2,8.5,1015.4,67.0,1.4,1.9,7.6,130.91666666666666
19.2,26.2,8.0,1015.5,66.0,1.9,0.4,1.9,118.91666666666669
20.1,27.2,9.2,1013.5,68.0,1.9,0.9,3.5,179.33333333333334
15.3,20.6,7.6,1020.4,72.0,1.8,4.1,5.4,260.1666666666667
14.8,20.6,7.6,1021.0,73.0,1.6,4.1,5.4,403.9583333333333
16.2,21.2,7.5,1020.8,75.0,1.8,3.5,5.4,455.5833333333333
19.5,24.5,10.8,1017.7,65.0,1.9,4.6,7.6,256.8333333333333
19.2,24.5,10.2,1014.0,61.0,1.9,4.1,7.6,175.75
18.2,24.2,7.6,1016.5,74.0,1.8,0.4,1.9,185.58333333333331
11.1,20.3,5.3,1015.4,96.0,0.3,0.4,1.9,255.875
10.8,14.8,7.4,1015.6,85.0,0.8,0.4,1.9,217.08333333333331
15.2,20.3,5.3,1014.2,56.0,1.8,4.1,7.6,298.4583333333333
15.6,20.6,7.5,1016.6,50.0,1.9,5.0,10.7,264.9166666666667
15.9,23.0,3.3,1015.8,51.0,1.8,1.3,5.4,188.5
17.6,23.0,8.6,1015.3,55.0,1.8,3.5,3.5,164.75
16.7,23.0,7.7,1015.7,58.0,1.9,5.0,7.6,376.9166666666667
19.3,24.8,9.1,1015.6,69.0,1.9,2.2,5.4,0.0
17.9,24.8,9.4,1014.3,70.0,1.9,5.0,5.4,0.0
14.1,18.8,8.3,1014.0,77.0,1.3,2.8,3.5,205.125
15.0,19.8,8.6,1013.8,64.0,1.8,2.2,3.5,214.125
14.5,19.8,7.3,1015.0,63.0,1.8,1.9,3.5,202.95833333333331
21.2,27.2,11.2,1011.7,58.0,1.9,1.9,3.5,246.04166666666663
19.0,24.4,9.4,1015.1,61.0,1.9,2.8,3.5,187.16666666666663
18.5,22.4,12.2,1017.1,51.0,1.9,5.4,5.4,167.79166666666666
15.8,25.6,10.4,1018.9,74.0,1.3,7.4,9.4,152.875
18.9,24.0,7.3,1022.2,63.0,1.9,1.3,3.5,165.0
18.7,24.0,9.3,1020.8,53.0,1.9,8.3,9.4,116.45833333333331
21.1,25.4,12.2,1011.7,48.0,1.9,2.2,3.5,152.375
21.1,26.6,8.6,1013.5,50.0,1.9,1.3,3.5,231.125
25.3,31.0,14.1,1010.0,59.0,3.5,0.4,1.9,184.875
24.2,29.1,15.6,1012.3,55.0,1.9,3.5,5.4,130.16666666666666
25.2,29.8,15.2,1012.7,54.0,1.9,2.8,3.5,68.91666666666667
24.3,29.8,16.0,1011.6,54.0,1.9,2.2,3.5,123.125
25.9,31.3,15.0,1009.2,53.0,1.9,3.1,3.5,120.91666666666669
27.3,32.7,16.8,1007.0,48.0,1.9,1.9,3.5,153.625
26.4,30.6,12.2,1013.2,53.0,4.0,3.1,3.5,138.5
26.3,31.7,15.6,1011.8,39.0,3.5,2.8,3.5,39.29166666666666
27.2,31.9,15.8,1010.7,41.0,3.5,2.8,3.5,44.91666666666666
26.5,30.7,15.5,1010.0,46.0,4.0,6.5,7.6,162.08333333333334
27.6,31.7,15.4,1011.2,38.0,4.0,4.1,7.6,63.458333333333336
26.8,32.3,16.8,1009.6,44.0,4.0,3.5,3.5,208.83333333333331
28.2,33.0,17.4,1011.9,43.0,4.0,3.1,5.4,74.66666666666667
29.2,33.0,17.8,1012.8,37.0,4.0,5.0,5.4,110.16666666666669
27.4,35.2,16.6,1008.2,41.0,3.5,5.6,7.6,74.29166666666667
29.1,32.7,17.1,1009.7,40.0,3.5,3.1,3.5,101.79166666666669
30.7,34.4,17.4,1010.0,37.0,4.0,3.5,5.4,106.16666666666669
29.9,36.0,19.1,1009.3,41.0,4.0,3.5,3.5,48.208333333333336
23.7,32.5,18.8,1012.5,74.0,2.7,5.0,11.1,67.79166666666667
29.8,34.4,18.4,1007.9,50.0,3.5,1.9,3.5,65.45833333333333
34.3,38.6,20.5,1006.1,24.0,3.5,1.9,3.5,123.58333333333331
34.4,38.7,22.0,1006.4,20.0,3.5,5.6,7.6,48.333333333333336
31.3,37.8,23.6,1004.2,46.0,4.0,7.0,7.6,130.625
29.3,35.4,20.7,1007.3,52.0,3.1,11.1,16.5,55.41666666666666
30.6,34.2,21.3,1006.3,51.0,4.0,4.1,5.4,79.29166666666667
35.9,40.0,22.8,1003.2,34.0,3.5,0.9,3.5,86.83333333333333
33.8,40.0,23.7,1003.5,49.0,3.5,4.1,5.4,88.625
34.4,38.1,26.0,1002.7,50.0,3.5,4.1,5.4,60.54166666666666
34.6,39.7,22.7,1002.4,41.0,3.5,1.3,3.5,76.625
36.7,40.6,23.3,1001.2,29.0,2.7,2.4,9.4,53.25
36.2,40.6,25.7,1003.1,28.0,3.5,3.1,5.4,65.16666666666667
35.6,41.2,24.7,1000.6,41.0,3.1,1.9,3.5,44.29166666666666
37.5,42.0,30.2,1000.1,25.0,4.0,2.8,3.5,40.66666666666666
36.0,43.0,22.2,999.1,32.0,3.5,4.4,5.4,103.16666666666669
35.2,38.8,24.6,1000.5,49.0,4.0,4.4,5.4,143.375
32.6,36.1,23.0,999.9,57.0,3.5,4.1,5.4,17.5
35.1,37.8,26.7,1001.7,54.0,3.1,4.4,5.4,84.04166666666667
32.8,36.9,24.0,995.1,61.0,3.5,3.5,5.4,84.20833333333333
35.8,39.1,26.6,992.3,53.0,3.1,4.1,5.4,83.375
38.0,40.9,27.7,989.8,43.0,3.5,3.5,3.5,55.958333333333336
32.0,37.8,27.5,998.3,60.0,1.9,4.1,5.4,58.083333333333336
30.2,35.4,23.9,999.6,64.0,3.1,4.1,5.4,49.958333333333336
32.4,36.0,24.5,998.6,59.0,3.1,3.1,5.4,101.70833333333331
37.9,41.8,27.0,997.0,44.0,4.0,3.1,5.4,58.625
37.2,40.9,27.4,996.4,40.0,3.5,3.5,5.4,61.5
35.4,40.9,27.3,993.2,47.0,4.0,3.5,5.4,49.125
31.7,34.9,24.7,998.8,69.0,4.0,5.0,5.4,74.375
32.8,35.5,25.7,999.4,66.0,4.0,3.5,5.4,107.16666666666669
33.4,36.7,26.6,997.6,67.0,3.5,2.8,3.5,184.66666666666663
34.8,37.4,28.2,994.9,59.0,4.0,5.4,5.4,113.33333333333331
29.9,33.8,22.4,997.0,73.0,3.5,1.9,3.5,65.375
33.7,38.5,27.8,996.5,72.0,1.9,3.1,5.4,71.0
33.7,36.6,25.8,996.8,69.0,2.6,5.0,5.4,57.04166666666666
29.8,36.2,26.6,996.2,84.0,1.9,2.2,5.4,67.41666666666667
31.3,33.6,25.4,995.7,79.0,1.9,0.9,3.5,81.125
32.3,33.8,26.6,996.4,75.0,1.9,3.5,5.4,197.66666666666663
33.7,34.9,26.9,996.8,65.0,4.0,4.4,5.4,160.75
30.3,34.6,24.8,997.5,79.0,1.9,3.1,3.5,123.875
30.2,33.4,25.8,997.5,79.0,1.9,2.8,3.5,131.41666666666666
30.7,33.4,24.0,997.7,77.0,1.9,1.9,3.5,35.791666666666664
30.7,34.4,25.0,997.3,76.0,1.9,0.9,3.5,43.458333333333336
31.9,34.8,25.0,996.3,68.0,1.9,1.9,3.5,25.08333333333333
32.3,35.0,26.0,998.3,66.0,3.5,3.5,3.5,45.833333333333336
32.2,34.2,25.7,1002.2,67.0,4.0,3.1,5.4,29.95833333333333
31.0,36.2,27.2,996.5,78.0,1.9,3.1,5.4,48.91666666666666
30.7,34.0,26.5,999.5,78.0,1.9,0.9,3.5,25.08333333333333
32.6,35.3,25.5,1000.8,69.0,3.1,0.9,3.5,32.958333333333336
32.6,35.3,26.7,998.8,72.0,1.9,4.1,5.4,31.5
30.4,35.4,26.7,999.2,79.0,1.9,2.8,3.5,48.29166666666666
31.0,33.7,25.4,999.6,74.0,1.9,4.1,5.4,51.375
29.9,34.0,25.9,998.3,76.0,4.0,4.1,5.4,33.5
31.0,33.6,25.7,999.4,76.0,1.9,2.8,3.5,60.0
29.1,33.6,24.8,1000.5,81.0,2.6,2.8,3.5,49.29166666666666
27.1,31.8,25.0,1002.1,90.0,1.9,3.5,3.5,22.83333333333333
29.8,32.5,23.8,1005.3,71.0,3.1,5.0,5.4,50.583333333333336
30.7,32.7,24.0,1006.7,68.0,4.0,3.1,3.5,44.41666666666666
31.1,34.1,25.1,1005.5,72.0,2.6,1.9,3.5,66.45833333333333
31.1,33.7,24.5,1005.2,61.0,3.5,4.4,5.4,57.208333333333336
31.3,34.1,21.9,1004.5,60.0,4.0,4.1,5.4,47.41666666666666
30.2,35.1,23.7,1008.2,65.0,3.5,5.0,5.4,54.625
28.4,31.4,21.4,1007.0,76.0,4.0,3.5,3.5,52.25
29.6,34.0,22.2,1008.2,57.0,3.5,2.8,3.5,49.5
30.5,33.6,21.9,1008.0,56.0,4.0,3.5,3.5,41.958333333333336
30.7,34.1,21.5,1009.1,58.0,4.0,1.9,3.5,0.0
29.6,33.3,18.4,1008.5,52.0,4.0,0.9,3.5,70.70833333333333
28.6,33.3,19.3,1007.9,64.0,3.1,2.8,7.6,51.79166666666666
27.9,31.7,17.1,1011.8,48.0,4.0,0.9,3.5,13.0
27.8,32.0,16.8,1011.4,58.0,2.6,0.9,3.5,7.875
28.3,33.0,17.4,1010.0,57.0,4.0,0.9,1.9,33.541666666666664
26.1,33.0,14.4,1012.5,45.0,4.0,2.8,3.5,181.54166666666663
25.8,31.3,14.3,1012.6,53.0,4.0,1.9,3.5,231.0
25.7,30.4,14.7,1015.6,58.0,3.1,1.3,3.5,232.33333333333331
25.1,30.4,14.0,1014.6,58.0,1.8,1.9,3.5,215.54166666666663
24.9,29.9,14.6,1013.5,59.0,3.5,1.9,3.5,239.41666666666663
24.1,29.2,17.0,1012.3,57.0,1.9,6.9,9.4,196.54166666666663
22.3,27.4,13.8,1014.8,41.0,1.9,0.9,3.5,232.54166666666663
22.3,28.9,14.7,1010.6,69.0,2.3,1.9,3.5,257.6666666666667
23.9,28.4,15.8,1011.2,59.0,3.1,1.3,3.5,166.875
22.8,28.4,14.9,1014.8,58.0,1.9,2.8,3.5,135.16666666666666
20.9,26.4,11.6,1018.5,65.0,1.8,0.9,3.5,162.54166666666666
20.9,25.8,11.3,1017.7,57.0,1.9,2.8,3.5,0.0
20.7,25.2,10.8,1015.3,52.0,1.8,0.9,3.5,46.708333333333336
17.2,23.5,6.4,1014.7,63.0,1.8,0.9,3.5,161.79166666666666
17.4,23.0,8.6,1021.6,57.0,1.8,2.2,3.5,25.08333333333333
16.8,24.2,6.8,1021.8,60.0,2.6,0.9,3.5,152.83333333333334
15.5,22.0,5.7,1017.3,57.0,3.1,1.3,3.5,310.25
14.7,21.2,5.6,1017.9,65.0,1.4,1.9,3.5,375.7916666666667
13.9,20.1,5.9,1016.8,54.0,1.9,4.1,5.4,441.4166666666667
14.7,19.9,5.6,1018.8,52.0,1.9,2.8,3.5,237.79166666666663
16.6,21.8,6.8,1020.7,51.0,1.8,0.9,3.5,182.1875
15.8,20.6,7.8,1017.1,61.0,1.9,2.8,5.4,223.20833333333331
15.9,20.4,7.7,1016.6,51.0,2.6,5.0,7.6,200.64583333333337
16.4,21.4,7.4,1016.5,53.0,1.8,1.9,3.5,154.875
14.6,20.6,6.7,1017.4,46.0,1.9,4.4,5.4,276.90833333333336
14.6,19.4,4.6,1018.6,63.0,1.9,1.9,3.5,245.65
16.8,22.3,6.0,1016.9,56.0,1.9,0.4,1.9,47.82500000000001
13.7,21.6,10.9,1014.5,92.0,1.8,4.6,7.6,179.3083333333333
16.3,21.2,7.6,1017.3,65.0,1.9,2.2,5.4,239.85
17.3,21.2,9.4,1019.7,59.0,1.9,0.4,1.9,220.1916666666667
15.2,18.5,9.8,1019.4,77.0,1.9,2.8,3.5,179.11666666666667
16.2,21.1,9.0,1020.2,69.0,1.3,0.9,3.5,166.29999999999998
17.0,22.0,8.2,1018.0,73.0,1.3,0.4,1.9,78.25416666666666
16.2,21.4,7.5,1018.2,57.0,1.9,4.1,5.4,103.0
16.5,20.8,8.3,1019.8,54.0,1.9,3.5,3.5,211.125
17.8,23.2,7.9,1020.3,55.0,3.1,0.9,3.5,192.29166666666663
19.0,21.8,11.4,1015.2,74.0,1.9,0.4,1.9,109.33333333333331
17.5,21.8,14.0,1017.2,76.0,1.9,1.9,3.5,0.0
17.6,21.2,11.6,1013.9,64.0,1.9,4.1,5.4,0.0
20.3,26.3,15.1,1016.1,67.0,1.9,5.0,5.4,119.33333333333331
17.9,23.6,9.1,1014.2,52.0,1.9,6.5,7.6,67.125
18.8,23.8,11.8,1011.1,49.0,1.9,2.8,3.5,46.708333333333336
16.8,20.5,7.6,1015.4,53.0,1.9,4.1,5.4,81.04166666666667
18.3,22.0,10.8,1012.4,75.0,2.6,2.2,5.4,1.8333333333333333
20.3,23.4,11.6,1008.9,70.0,3.5,2.8,3.5,1.7916666666666667
22.3,26.0,12.3,1013.9,45.0,4.0,0.9,1.9,117.58333333333331
22.2,26.1,13.1,1013.1,48.0,1.9,4.4,5.4,122.70833333333331
22.3,26.8,12.2,1013.5,44.0,1.9,3.1,5.4,76.54166666666667
23.7,27.5,14.8,1014.1,44.0,3.5,3.5,3.5,90.04166666666667
24.1,28.4,13.2,1013.8,45.0,3.1,3.5,3.5,63.91666666666666
25.5,29.6,13.6,1009.8,46.0,4.0,2.8,3.5,98.70833333333331
24.9,29.1,13.7,1012.2,40.0,3.5,8.5,9.4,88.375
26.5,30.4,15.5,1010.9,43.0,3.5,5.6,7.6,77.66666666666667
24.3,30.4,16.2,1011.8,52.0,3.1,4.1,5.4,52.333333333333336
30.2,34.4,16.7,1008.2,47.0,1.9,2.8,3.5,2.9166666666666665
31.5,36.0,18.0,1007.0,45.0,3.5,0.9,3.5,0.0
29.2,36.0,20.0,1007.3,37.0,3.5,4.6,7.6,0.0
28.3,32.4,17.4,1007.9,34.0,4.0,5.6,7.6,23.20833333333333
29.4,33.7,14.5,1009.2,36.0,4.0,2.8,3.5,15.166666666666666
29.9,34.8,17.0,1007.8,40.0,4.0,1.9,3.5,21.25
28.6,33.2,19.8,1006.9,53.0,4.0,4.1,7.6,105.33333333333331
32.1,36.7,17.7,1007.4,45.0,4.0,2.8,3.5,20.791666666666668
32.7,36.4,21.0,1007.8,37.0,4.0,4.4,5.4,46.91666666666666
34.6,38.4,23.3,1005.4,32.0,3.5,3.1,5.4,104.625
25.9,38.4,21.3,1010.3,57.0,3.5,5.0,7.6,109.625
33.8,36.7,18.3,1004.1,33.0,4.0,2.8,3.5,0.0
34.2,37.6,19.3,1004.6,34.0,4.0,3.1,3.5,30.875
34.9,39.0,20.8,1005.3,38.0,4.0,1.9,3.5,75.58333333333333
36.4,42.0,22.4,999.8,32.0,4.0,4.1,7.6,94.75
34.8,40.8,22.8,1001.7,30.0,2.6,6.5,9.4,142.5
33.9,38.2,21.4,1004.4,32.0,4.0,3.5,3.5,133.375
37.8,41.6,21.2,1001.7,19.0,4.0,1.9,3.5,147.83333333333334
37.4,41.6,22.9,1001.6,27.0,3.5,1.9,3.5,158.29166666666666
37.8,42.2,25.2,1000.4,23.0,3.5,4.4,5.4,149.58333333333334
35.9,40.2,21.8,1002.4,32.0,3.5,1.9,3.5,101.5
32.4,40.2,21.9,1004.0,40.0,4.0,1.3,3.5,106.5
34.3,37.8,22.9,1003.1,35.0,4.0,6.5,7.6,107.625
35.3,38.8,22.6,1002.1,35.0,4.0,5.0,7.6,110.41666666666669
37.8,42.2,24.8,1001.5,28.0,4.0,4.6,7.6,95.83333333333331
37.9,44.0,27.2,998.9,34.0,4.0,1.9,3.5,72.25
35.3,42.0,26.1,999.6,51.0,4.0,6.1,7.6,38.66666666666666
35.8,38.7,27.4,999.5,50.0,4.0,5.6,7.6,45.375
33.9,38.7,25.6,1001.4,46.0,4.0,7.6,7.6,65.16666666666667
34.1,41.4,22.0,1003.3,49.0,4.0,4.1,5.4,66.08333333333333
37.7,42.2,24.7,1001.0,39.0,4.0,3.5,3.5,77.66666666666667
38.3,43.1,24.9,998.7,31.0,4.0,3.5,3.5,70.25
39.2,42.8,28.2,996.9,24.0,4.0,5.0,5.4,77.0
39.5,43.4,25.2,996.3,20.0,4.0,6.1,7.6,32.958333333333336
33.2,36.2,26.6,998.2,47.0,3.1,8.0,9.4,42.54166666666666
34.2,40.4,25.3,1000.1,52.0,4.0,4.4,5.4,87.75
31.4,37.4,25.2,1003.0,61.0,3.5,8.9,11.1,63.5
34.3,37.4,25.6,1001.4,55.0,3.5,0.9,3.5,50.708333333333336
38.3,43.8,29.2,994.9,43.0,4.0,1.9,3.5,49.583333333333336
35.1,43.8,27.7,996.6,58.0,4.0,5.0,7.6,61.875
30.9,36.6,29.0,997.8,71.0,2.6,3.7,7.6,47.75
32.7,34.8,24.7,994.4,62.0,4.0,3.5,5.4,33.083333333333336
32.2,39.0,27.4,995.4,75.0,3.1,3.1,5.4,56.708333333333336
30.3,39.0,25.7,997.9,76.0,3.5,4.1,5.4,39.25
32.7,36.0,25.4,998.0,63.0,3.1,5.6,7.6,35.208333333333336
28.7,31.2,24.2,1000.8,80.0,4.0,0.9,3.5,65.75
27.6,35.0,25.0,999.9,88.0,3.1,1.3,3.5,33.166666666666664
27.0,31.2,24.0,997.5,92.0,4.0,0.9,3.5,38.25
27.2,29.5,24.1,997.6,94.0,1.9,3.7,7.6,26.58333333333333
30.4,32.4,25.6,999.9,76.0,1.9,1.3,3.5,15.416666666666666
31.4,34.5,26.0,998.9,74.0,2.6,2.2,3.5,41.375
28.7,34.5,26.0,998.0,88.0,3.1,1.9,3.5,25.541666666666668
27.5,30.7,24.7,998.2,93.0,3.1,2.2,3.5,28.375
29.8,32.3,25.3,998.2,78.0,2.6,6.9,9.4,36.79166666666666
32.4,34.3,25.5,999.1,70.0,3.5,1.9,3.5,33.291666666666664
32.1,34.3,26.6,999.7,75.0,4.0,0.4,1.9,35.5
30.2,33.2,24.6,999.3,74.0,4.0,5.0,5.4,18.0
26.1,28.8,23.8,1002.4,95.0,1.9,0.9,3.5,34.875
29.8,32.6,23.6,1004.5,81.0,4.0,0.9,3.5,35.708333333333336
28.1,34.7,25.1,1003.4,89.0,1.9,1.3,5.4,82.875
33.4,37.3,26.6,1003.9,68.0,3.1,2.2,3.5,41.04166666666666
32.6,34.8,25.0,1001.7,72.0,4.0,0.4,1.9,30.625
30.2,36.4,25.5,1000.3,80.0,3.5,1.9,3.5,31.75
31.1,36.0,26.4,1002.6,73.0,1.9,3.1,5.4,26.166666666666668
32.7,35.0,24.0,1002.3,65.0,3.5,1.9,1.9,65.625
31.7,35.0,25.5,1003.3,71.0,1.8,0.9,3.5,53.375
30.1,34.8,21.8,1008.7,63.0,4.0,2.8,3.5,56.083333333333336
24.7,33.4,21.8,1010.3,87.0,1.9,1.9,7.6,37.333333333333336
29.0,31.2,22.3,1010.0,71.0,3.5,1.9,3.5,50.125
30.2,33.1,22.8,1011.7,67.0,3.1,1.9,3.5,43.958333333333336
26.6,28.4,22.2,1009.0,78.0,3.1,2.8,3.5,34.458333333333336
27.9,30.0,21.5,1008.2,74.0,1.9,3.1,5.4,30.33333333333333
27.9,33.4,20.2,1010.1,72.0,3.5,2.8,3.5,34.25
28.2,32.0,19.8,1011.0,54.0,4.0,1.3,1.9,60.54166666666666
28.9,32.0,18.2,1011.2,53.0,3.1,0.9,3.5,41.583333333333336
28.1,32.1,19.8,1010.9,59.0,1.9,0.9,3.5,50.91666666666666
28.9,32.5,19.8,1012.1,65.0,3.1,0.9,1.9,82.83333333333333
28.9,32.6,19.7,1012.2,64.0,1.8,0.9,3.5,95.25
28.2,32.4,19.5,1013.6,66.0,2.3,0.9,1.9,115.83333333333331
27.0,31.9,17.7,1014.0,53.0,3.1,1.3,5.4,136.70833333333334
26.6,31.3,16.8,1012.3,52.0,3.1,1.9,3.5,160.66666666666666
26.5,30.2,18.0,1009.0,49.0,2.6,4.6,7.6,173.58333333333334
25.9,30.2,16.4,1013.0,62.0,1.9,0.9,1.9,261.6666666666667
26.1,30.1,17.2,1011.8,58.0,1.9,1.9,3.5,272.4166666666667
25.8,30.8,17.8,1013.6,63.0,1.4,1.3,3.5,217.375
24.8,29.9,15.8,1012.9,50.0,3.1,1.9,3.5,192.33333333333331
23.4,29.3,13.4,1013.8,52.0,3.5,1.3,3.5,235.33333333333331
24.1,28.0,15.4,1015.1,61.0,3.1,0.4,1.9,221.54166666666663
24.5,28.8,15.8,1014.3,52.0,2.6,6.1,7.6,210.54166666666663
21.3,26.0,11.2,1015.8,64.0,1.9,1.3,1.9,274.875
19.8,23.8,11.2,1016.9,69.0,1.9,1.9,3.5,184.20833333333331
18.6,23.4,11.2,1016.7,60.0,3.1,1.9,3.5,118.91666666666669
17.9,22.0,9.4,1017.5,58.0,2.6,0.9,1.9,176.375
18.2,22.0,10.4,1016.4,52.0,2.6,0.9,3.5,185.95833333333331
18.1,24.3,8.4,1018.4,60.0,2.6,0.4,1.9,312.2083333333333
16.4,18.8,10.2,1019.3,71.0,1.8,0.9,3.5,260.1666666666667
11.8,19.8,9.2,1020.3,89.0,1.4,3.5,5.4,403.9583333333333
13.7,15.6,10.2,1017.1,84.0,1.4,1.9,3.5,288.4166666666667
12.6,15.6,8.1,1018.9,80.0,1.4,3.1,5.4,256.8333333333333
11.2,16.0,7.5,1018.0,82.0,1.4,0.4,1.9,175.75
9.1,11.5,5.2,1019.7,75.0,1.9,1.3,3.5,186.04166666666663
9.1,11.8,4.1,1020.5,80.0,1.4,1.9,3.5,114.08333333333331
13.4,18.2,2.8,1022.0,66.0,1.8,0.9,3.5,284.7958333333333
16.8,21.6,6.7,1021.0,64.0,1.8,1.9,3.5,219.72083333333333
17.1,21.6,8.8,1018.4,65.0,3.5,2.2,5.4,182.1875
13.4,17.7,12.5,1014.6,96.0,1.8,0.9,3.5,223.20833333333331
11.8,14.5,9.0,1020.3,79.0,3.1,2.8,5.4,200.64583333333337
13.3,17.2,6.7,1019.4,66.0,1.8,1.9,3.5,154.875
12.4,17.2,9.8,1019.0,93.0,1.3,0.4,1.9,47.82500000000001
11.7,15.8,6.8,1019.8,80.0,1.6,4.1,5.4,108.0
12.4,15.8,10.0,1019.6,94.0,0.6,0.9,3.5,125.89166666666668
16.8,18.4,10.8,1010.7,77.0,1.9,4.4,5.4,171.42916666666665
16.2,20.0,9.0,1017.7,58.0,2.7,5.6,7.6,251.82916666666668
12.8,20.2,7.5,1015.9,69.0,2.7,2.2,3.5,319.7375
13.9,18.0,8.0,1019.9,69.0,1.8,3.5,5.4,279.6
14.7,20.2,5.2,1017.2,64.0,1.8,1.9,3.5,166.29999999999998
16.5,20.0,8.0,1017.0,54.0,1.8,3.1,5.4,78.25416666666666
16.7,22.0,7.9,1019.2,58.0,1.8,0.9,3.5,211.125
17.0,22.2,6.8,1019.7,55.0,1.9,1.9,3.5,192.29166666666663
20.0,24.3,11.1,1011.9,42.0,3.1,7.4,9.4,109.33333333333331
20.2,24.8,9.1,1016.0,53.0,1.9,1.9,3.5,0.0
20.7,25.2,11.3,1013.6,38.0,2.6,4.6,7.6,0.0
20.2,23.2,13.1,1020.1,65.0,1.9,2.2,5.4,119.33333333333331
21.7,24.4,13.2,1017.8,62.0,1.9,1.9,3.5,67.125
20.7,24.2,13.2,1014.3,72.0,1.8,3.1,5.4,81.04166666666667
20.2,25.0,14.4,1013.0,72.0,1.9,6.1,7.6,21.20833333333333
23.4,27.8,14.0,1010.9,49.0,2.6,0.9,3.5,1.7916666666666667
17.1,23.4,14.4,1010.7,82.0,1.9,8.0,11.1,105.83333333333331
21.2,24.2,12.6,1012.2,48.0,2.6,5.0,7.6,76.54166666666667
21.7,26.6,15.0,1013.3,62.0,1.9,6.9,9.4,59.208333333333336
20.3,25.0,14.6,1014.5,60.0,1.9,5.6,7.6,77.20833333333333
20.4,24.0,11.3,1016.9,56.0,1.9,2.8,3.5,87.83333333333333
25.3,28.8,17.0,1010.6,53.0,1.9,2.8,3.5,123.70833333333331
26.4,29.8,15.4,1010.2,52.0,1.9,1.3,3.5,64.79166666666667
26.7,30.2,17.1,1010.3,52.0,1.9,1.9,3.5,62.875
26.9,32.1,20.4,1011.5,48.0,1.9,7.4,9.4,128.33333333333334
22.4,30.1,19.6,1013.8,73.0,1.9,1.3,5.4,87.58333333333333
24.5,27.0,16.0,1013.8,63.0,1.9,2.8,3.5,2.9166666666666665
29.9,32.8,17.5,1009.4,36.0,3.5,0.4,1.9,15.166666666666666
27.1,33.0,17.9,1009.6,44.0,1.9,8.9,11.1,21.25
26.4,30.5,16.7,1010.9,34.0,1.9,6.1,7.6,25.75
31.4,35.0,17.6,1010.2,35.0,3.1,2.2,5.4,64.79166666666667
32.3,35.4,19.1,1011.7,35.0,3.1,2.8,3.5,87.375
31.6,36.1,21.0,1009.3,34.0,3.1,2.8,5.4,84.5
32.2,37.7,24.2,1005.7,34.0,3.1,5.6,7.6,77.04166666666667
31.2,36.4,21.4,1008.0,36.0,3.1,2.8,7.6,110.875
30.1,35.0,19.0,1006.8,47.0,3.5,0.9,1.9,42.958333333333336
30.5,34.5,21.5,1006.2,37.0,2.6,1.9,3.5,106.95833333333331
31.9,34.6,18.5,1004.8,37.0,3.1,2.8,3.5,120.875
32.1,35.8,22.0,1005.0,35.0,1.9,2.8,3.5,79.91666666666667
32.8,35.4,23.4,1007.2,46.0,3.1,1.3,3.5,94.75
31.3,36.8,22.0,1006.0,51.0,3.5,1.3,3.5,142.5
30.6,34.4,22.4,1006.1,51.0,1.9,8.3,11.1,133.375
29.8,33.6,23.4,1006.3,59.0,1.9,5.0,5.4,102.41666666666669
30.0,34.9,18.6,1006.7,41.0,1.9,3.5,5.4,158.29166666666666
32.9,35.2,22.0,1004.8,45.0,1.9,1.3,3.5,149.58333333333334
33.2,36.5,23.0,1005.8,49.0,1.9,2.8,5.4,107.29166666666669
30.2,33.6,23.5,1006.3,58.0,1.9,0.9,3.5,106.5
34.5,38.2,22.5,1005.0,42.0,1.9,0.9,3.5,128.125
34.9,38.2,22.8,1004.0,30.0,1.9,6.1,7.6,108.0
36.9,40.0,21.2,1000.1,21.0,3.5,1.3,3.5,98.41666666666669
35.7,40.0,22.7,999.1,23.0,4.0,5.0,9.4,94.375
36.1,42.4,24.3,1000.0,41.0,1.9,5.0,5.4,87.25
38.6,44.5,24.8,997.2,28.0,3.5,3.5,3.5,93.5
31.9,42.0,28.6,999.2,48.0,3.1,7.4,9.4,97.625
29.8,35.2,22.3,1003.6,60.0,1.9,8.3,11.1,76.95833333333333
29.7,32.2,20.9,1007.2,63.0,1.9,5.0,7.6,45.375
29.3,33.2,19.8,1005.1,59.0,1.9,1.9,7.6,65.16666666666667
32.9,35.0,23.2,1002.6,49.0,1.9,1.9,3.5,67.08333333333333
32.3,34.4,24.1,1000.6,55.0,1.9,2.2,5.4,70.25
35.4,37.2,25.0,1000.3,50.0,2.6,0.9,3.5,75.125
35.6,39.0,26.6,998.7,52.0,1.9,1.9,3.5,57.375
36.3,39.4,27.2,997.3,50.0,1.9,2.8,3.5,40.833333333333336
34.4,39.7,27.0,995.4,59.0,3.5,2.2,5.4,93.08333333333331
34.1,39.0,27.3,997.6,64.0,1.9,3.1,5.4,90.70833333333331
31.8,34.8,27.0,1001.8,67.0,1.9,3.1,3.5,63.5
29.3,34.0,27.0,1002.9,78.0,1.9,3.1,3.5,50.708333333333336
33.6,35.4,26.5,998.9,63.0,1.9,1.9,3.5,40.375
32.5,40.0,27.4,999.9,68.0,1.9,6.3,11.1,49.583333333333336
32.3,35.0,25.3,1000.7,69.0,1.9,3.5,3.5,61.875
33.5,35.0,27.6,999.0,65.0,1.9,2.2,5.4,0.0
34.1,37.6,28.0,996.4,65.0,1.9,1.3,3.5,47.75
30.8,33.0,25.2,1001.5,76.0,1.9,2.2,3.5,29.83333333333333
34.4,36.9,28.2,994.6,65.0,1.9,0.9,3.5,56.708333333333336
29.8,36.9,23.4,997.0,77.0,1.9,0.9,3.5,39.25
32.9,34.8,27.2,998.3,67.0,1.9,4.1,5.4,54.875
30.3,35.3,27.6,999.9,84.0,1.9,0.9,3.5,65.75
27.7,32.2,23.5,1001.4,88.0,1.9,2.8,3.5,38.583333333333336
30.6,32.8,23.4,999.5,71.0,1.9,0.9,3.5,45.583333333333336
31.4,33.6,25.4,1003.1,70.0,1.9,5.0,7.6,33.166666666666664
29.6,36.4,24.4,1000.3,83.0,1.9,3.5,5.4,35.375
27.6,32.3,25.8,1002.5,92.0,1.9,0.9,3.5,15.416666666666666
30.2,32.0,26.0,1001.2,81.0,1.9,3.5,3.5,41.375
29.2,32.8,24.0,1000.8,84.0,1.9,0.9,3.5,25.541666666666668
32.5,34.6,26.4,998.2,72.0,1.9,0.9,3.5,28.375
33.8,35.6,27.2,994.0,69.0,1.9,1.9,3.5,40.333333333333336
32.3,35.8,26.9,1000.2,67.0,1.9,6.9,9.4,35.375
28.2,29.0,25.2,996.5,88.0,1.9,2.8,5.4,21.125
31.7,33.0,26.0,996.2,77.0,1.9,0.4,1.9,18.0
31.3,33.6,26.5,997.1,79.0,1.9,3.5,3.5,28.041666666666668
29.9,32.0,23.0,1002.7,76.0,1.9,5.4,5.4,28.75
31.1,33.0,25.1,1001.7,70.0,1.9,8.5,11.1,70.54166666666667
28.6,32.5,25.7,1001.0,83.0,1.9,0.9,3.5,41.04166666666666
31.2,32.9,24.0,1000.1,71.0,1.9,0.9,3.5,45.25
30.4,32.2,24.8,1003.1,67.0,1.9,5.9,7.6,33.166666666666664
31.4,32.8,24.2,1004.0,65.0,2.6,3.5,3.5,30.625
31.1,33.8,25.4,1006.2,71.0,1.9,0.9,3.5,30.33333333333333
31.9,33.8,26.2,1006.8,67.0,1.9,5.0,7.6,31.75
33.3,36.0,25.2,1004.0,63.0,1.9,0.4,1.9,76.875
32.3,35.8,25.9,1004.4,70.0,1.9,1.9,3.5,83.45833333333333
33.8,36.0,27.2,1000.4,62.0,1.9,3.5,5.4,69.70833333333333
33.2,36.7,25.9,1001.1,65.0,1.9,1.3,3.5,62.375
33.3,36.0,25.6,1000.5,63.0,1.9,0.4,1.9,24.875
31.8,35.0,24.1,1002.5,62.0,1.9,1.9,3.5,43.958333333333336
32.4,34.8,24.9,1001.3,57.0,1.9,1.3,5.4,41.5
31.5,34.6,22.0,1003.5,52.0,1.9,2.8,5.4,26.666666666666668
31.4,35.9,19.9,1005.0,46.0,2.6,2.8,3.5,34.25
31.4,35.8,18.7,1005.8,42.0,1.9,2.8,3.5,62.708333333333336
31.3,35.5,19.3,1008.3,48.0,1.9,1.9,3.5,41.583333333333336
31.2,35.1,19.4,1008.6,47.0,2.6,0.9,3.5,50.91666666666666
30.8,35.8,18.9,1007.4,49.0,1.9,0.9,1.9,40.958333333333336
29.9,34.6,20.1,1007.0,45.0,1.9,0.9,3.5,115.83333333333331
29.8,35.1,17.6,1007.0,35.0,3.1,0.9,3.5,149.66666666666666
28.8,33.6,15.0,1008.2,32.0,3.1,0.4,1.9,173.58333333333334
28.2,33.9,14.9,1006.3,39.0,2.6,0.9,3.5,174.66666666666666
25.8,31.6,13.0,1013.4,47.0,1.9,0.4,1.9,207.33333333333331
26.3,31.4,14.0,1012.2,42.0,2.6,1.9,3.5,149.625
24.8,30.3,14.4,1013.3,37.0,1.9,1.3,3.5,217.375
23.3,29.1,12.0,1015.8,57.0,1.9,0.4,1.9,235.33333333333331
23.3,28.6,11.4,1015.2,55.0,1.8,2.8,3.5,153.29166666666666
22.1,27.6,11.9,1014.9,57.0,1.6,2.2,5.4,210.54166666666663
21.5,27.1,14.2,1016.6,66.0,1.9,3.1,5.4,251.20833333333331
20.1,24.9,9.8,1014.5,50.0,1.9,0.9,3.5,194.70833333333331
19.5,24.8,10.6,1015.2,33.0,3.1,5.6,9.4,250.875
19.3,23.8,9.4,1016.2,36.0,1.9,2.8,3.5,274.875
21.3,26.6,11.0,1019.8,48.0,1.9,3.1,5.4,217.91666666666663
20.4,26.6,10.9,1018.9,46.0,2.6,1.9,3.5,184.20833333333331
20.0,25.4,8.5,1017.7,56.0,1.8,0.9,3.5,176.375
20.5,26.4,9.8,1014.8,57.0,1.8,0.4,1.9,185.95833333333331
19.9,25.4,9.4,1014.4,63.0,1.8,0.4,1.9,195.375
20.8,26.3,11.9,1016.7,65.0,1.8,1.3,3.5,365.2916666666667
15.3,18.2,11.6,1015.7,84.0,1.8,2.2,3.5,202.875
14.2,17.7,8.0,1017.4,70.0,1.8,1.9,3.5,260.1666666666667
14.2,17.6,6.0,1019.5,63.0,1.8,2.8,3.5,403.9583333333333
16.0,20.0,5.5,1018.3,41.0,1.9,2.8,5.4,284.1666666666667
15.4,20.9,5.2,1019.0,50.0,1.9,0.9,3.5,288.4166666666667
16.1,20.6,5.1,1017.0,61.0,1.9,0.4,1.9,256.8333333333333
16.2,21.0,6.9,1016.2,53.0,1.8,0.4,1.9,186.04166666666663
14.5,20.8,5.2,1013.9,71.0,1.4,1.3,1.9,185.58333333333331
15.2,20.0,7.6,1017.1,43.0,1.9,3.1,5.4,114.08333333333331
10.4,16.4,3.0,1019.0,88.0,1.0,1.9,3.5,172.75
14.5,18.0,5.5,1017.3,62.0,1.8,0.4,1.9,146.79166666666666
14.1,18.2,10.0,1015.5,95.0,1.4,2.8,5.4,113.875
16.1,21.1,13.1,1015.1,87.0,1.3,1.3,1.9,227.0
17.5,21.0,9.9,1014.7,76.0,1.8,1.3,3.5,272.125
12.2,16.1,4.5,1016.1,73.0,1.8,0.9,1.9,228.79166666666663
11.1,16.1,2.8,1017.1,83.0,0.5,0.4,1.9,200.875
14.4,19.2,6.6,1014.6,72.0,1.6,0.9,3.5,214.04166666666663
17.8,22.0,8.1,1013.2,67.0,1.6,1.9,3.5,217.25
14.8,22.4,9.4,1014.0,73.0,1.8,4.1,5.4,212.45833333333331
17.0,21.7,9.2,1012.5,51.0,2.3,2.8,5.4,202.66666666666663
13.2,17.5,7.8,1018.7,78.0,1.8,1.9,3.5,138.79166666666666
12.9,16.4,4.2,1018.0,84.0,0.8,0.9,3.5,153.08333333333334
14.6,20.0,2.4,1017.0,61.0,1.4,1.9,3.5,159.70833333333334
16.6,21.8,5.3,1017.3,55.0,1.8,0.4,1.9,151.875
16.6,22.4,3.4,1019.2,60.0,1.4,1.3,3.5,224.79166666666663
19.2,25.2,7.0,1017.2,54.0,1.8,1.3,5.4,177.625
18.6,25.7,8.3,1016.3,64.0,1.8,4.6,7.6,149.625
18.2,22.3,9.3,1017.2,58.0,1.8,2.8,5.4,161.16666666666666
20.4,25.8,8.2,1012.6,72.0,1.8,0.4,1.9,197.08333333333331
22.9,26.8,13.1,1014.3,62.0,1.8,3.1,5.4,64.95833333333333
24.7,29.8,12.1,1012.5,48.0,1.8,0.4,1.9,157.25
25.3,30.4,11.6,1010.3,51.0,1.8,1.3,3.5,182.54166666666663
27.2,31.2,17.0,1009.4,31.0,3.1,1.9,3.5,92.04166666666669
23.7,31.7,13.4,1013.8,39.0,1.9,4.1,5.4,31.625
23.9,27.6,13.5,1012.6,37.0,3.5,6.5,9.4,20.416666666666668
25.2,29.2,13.1,1010.9,36.0,2.6,2.8,5.4,61.125
26.9,31.2,13.8,1009.7,44.0,2.6,2.8,5.4,49.583333333333336
26.7,31.6,17.0,1011.2,54.0,1.9,5.6,7.6,34.916666666666664
27.9,31.0,15.8,1011.9,56.0,1.9,2.2,3.5,47.5
26.6,30.4,14.5,1015.2,44.0,2.6,0.4,1.9,128.83333333333334
26.7,30.4,15.2,1012.1,42.0,3.1,4.6,7.6,56.333333333333336
26.6,30.3,17.2,1010.9,48.0,1.9,1.9,3.5,20.291666666666668
29.5,33.4,18.2,1009.7,35.0,1.9,1.3,1.9,59.16666666666666
28.8,36.9,18.0,1008.4,38.0,2.6,3.1,5.4,83.83333333333333
30.1,33.4,16.7,1007.7,37.0,2.6,1.3,3.5,89.375
25.8,32.6,14.9,1012.5,42.0,1.9,3.5,5.4,101.375
26.5,30.2,15.0,1010.6,43.0,3.1,3.5,3.5,109.75
29.6,33.2,14.6,1008.5,37.0,2.6,1.3,3.5,42.91666666666666
30.3,36.4,18.4,1000.1,34.0,3.1,4.1,5.4,47.25
29.0,36.6,16.5,1001.0,18.0,3.5,8.9,11.1,81.20833333333333
28.8,33.8,16.1,1005.6,19.0,3.5,2.8,5.4,52.29166666666666
29.8,34.0,22.0,1008.4,18.0,3.5,1.3,3.5,28.45833333333333
32.1,36.4,21.1,1008.4,32.0,3.1,3.1,5.4,49.5
31.4,36.9,19.1,1007.3,23.0,3.5,4.1,5.4,75.16666666666667
31.9,35.4,17.8,1008.7,15.0,3.5,3.5,5.4,53.125
34.6,38.6,20.0,1008.3,20.0,3.5,2.8,3.5,54.708333333333336
34.3,39.8,22.3,1005.9,24.0,3.1,3.1,5.4,51.375
34.4,39.8,19.0,1005.0,22.0,1.9,3.7,7.6,45.5
31.1,37.4,17.7,1005.0,26.0,1.9,1.9,3.5,92.91666666666669
30.2,34.6,19.5,1007.9,38.0,3.1,1.9,3.5,80.20833333333333
28.0,33.4,18.8,1010.7,41.0,1.9,2.2,5.4,76.66666666666667
34.4,40.6,19.9,1006.5,31.0,3.1,3.1,7.6,48.41666666666666
35.1,39.8,23.2,1006.3,30.0,1.9,4.1,5.4,56.25
34.1,38.9,22.6,1004.4,34.0,1.9,1.3,3.5,103.41666666666669
34.6,38.2,23.3,1003.0,35.0,1.9,2.8,3.5,76.5
29.7,37.4,21.4,1004.1,53.0,1.9,4.1,5.4,73.41666666666667
32.5,35.2,21.8,1002.1,45.0,1.9,4.1,5.4,74.75
31.0,37.2,22.4,1000.3,49.0,1.9,3.5,3.5,73.66666666666667
27.6,34.5,24.8,1006.4,66.0,1.9,3.1,5.4,32.583333333333336
22.3,30.0,20.9,1004.9,92.0,1.8,5.6,11.1,18.875
24.3,27.2,18.6,1001.5,84.0,1.9,4.4,5.4,61.5
34.8,37.8,23.6,1000.1,37.0,1.9,0.9,3.5,77.375
34.7,38.1,18.9,998.2,30.0,1.9,2.2,3.5,63.91666666666666
32.7,39.5,23.4,1001.2,55.0,1.9,3.5,5.4,139.125
32.9,34.8,23.2,1001.9,55.0,1.9,2.2,3.5,40.5
34.4,38.0,24.2,1003.8,54.0,1.9,0.9,3.5,70.08333333333333
33.5,37.0,23.0,1003.1,49.0,1.9,3.1,7.6,108.66666666666669
37.9,41.0,29.5,995.5,43.0,3.1,2.8,5.4,73.83333333333333
32.8,41.1,26.2,997.4,64.0,1.9,4.6,7.6,29.5
31.6,35.8,20.8,996.8,67.0,1.9,3.5,5.4,56.375
29.3,33.4,24.1,999.0,79.0,1.9,2.8,7.6,87.875
30.1,33.5,23.7,1000.2,72.0,1.9,5.4,5.4,92.54166666666669
32.4,34.0,23.7,1000.8,65.0,1.9,1.3,3.5,28.375
33.3,35.6,22.6,998.8,59.0,1.9,0.9,3.5,28.541666666666668
32.8,36.2,22.6,1001.5,59.0,1.9,1.3,3.5,51.04166666666666
37.5,40.4,30.0,993.8,45.0,3.1,3.5,5.4,37.583333333333336
37.3,40.6,28.4,995.1,50.0,3.1,3.1,5.4,37.625
37.9,39.8,27.8,997.7,44.0,1.9,2.8,3.5,42.29166666666666
37.7,40.4,28.2,997.4,44.0,1.9,1.9,3.5,45.66666666666666
32.0,40.9,22.9,1000.1,71.0,1.9,1.3,3.5,40.625
29.8,34.4,26.4,1002.3,77.0,1.9,2.2,5.4,26.875
25.8,33.4,24.2,1002.6,95.0,1.9,1.3,5.4,30.70833333333333
31.4,33.2,22.6,1001.8,82.0,1.9,1.9,3.5,10.208333333333334
29.0,30.4,23.5,997.8,81.0,1.9,2.8,5.4,19.416666666666668
30.9,33.4,21.5,996.4,76.0,1.9,0.4,1.9,8.416666666666666
33.4,35.7,26.5,997.4,69.0,1.9,3.1,5.4,0.0
29.2,32.0,25.8,994.0,87.0,1.9,2.8,3.5,4.833333333333333
31.6,33.0,24.5,998.0,74.0,1.9,1.9,3.5,15.375
30.3,32.4,25.2,997.9,81.0,1.9,0.9,3.5,25.791666666666668
32.1,33.2,25.4,998.6,69.0,1.9,4.4,5.4,22.70833333333333
28.6,34.5,24.2,1001.5,87.0,1.9,0.4,1.9,31.33333333333333
28.2,33.6,24.4,1002.7,86.0,1.9,1.9,3.5,33.791666666666664
32.2,35.5,26.2,1000.1,65.0,1.9,2.8,3.5,39.04166666666666
33.4,35.6,26.0,998.0,60.0,1.9,3.5,3.5,41.708333333333336
34.1,36.6,26.5,999.5,57.0,1.9,3.5,3.5,28.75
31.6,37.1,25.5,1000.3,74.0,1.9,0.9,3.5,12.25
25.7,35.8,24.2,1004.0,95.0,1.9,0.9,3.5,14.5
27.8,28.8,22.8,1005.1,89.0,1.9,1.9,3.5,23.916666666666668
32.8,34.8,24.8,997.8,62.0,1.9,3.1,5.4,27.375
32.3,35.4,25.1,997.7,62.0,1.9,3.1,5.4,29.20833333333333
33.4,36.0,24.8,999.7,57.0,1.9,2.8,3.5,36.5
26.7,31.7,22.9,1007.4,92.0,1.9,0.4,1.9,27.83333333333333
26.4,28.1,23.5,1007.1,95.0,1.9,0.9,3.5,44.125
27.9,31.0,22.0,1004.2,86.0,1.9,0.9,3.5,62.25
29.4,32.8,23.2,1002.0,80.0,1.9,0.4,1.9,60.125
30.4,35.2,25.2,1005.4,81.0,1.9,0.9,3.5,34.666666666666664
31.1,33.2,23.9,1004.0,66.0,1.9,6.5,7.6,39.208333333333336
30.7,33.1,23.9,1003.1,73.0,1.9,2.8,5.4,38.708333333333336
30.1,33.4,22.2,1003.7,73.0,1.9,3.7,7.6,94.375
30.8,33.2,22.5,1004.6,72.0,1.9,1.3,3.5,85.75
31.5,33.2,23.4,1006.6,62.0,1.9,2.8,3.5,51.66666666666666
32.0,34.0,23.2,1004.8,68.0,1.9,1.3,3.5,39.41666666666666
31.0,34.4,24.0,1003.7,72.0,1.9,1.9,3.5,23.95833333333333
29.7,32.8,22.3,1005.1,73.0,1.9,1.9,3.5,50.41666666666666
31.7,34.0,23.6,1006.1,69.0,1.9,1.9,7.2,69.375
31.3,34.2,23.4,1003.8,66.0,1.9,1.9,3.5,65.375
30.7,33.0,22.0,1004.8,59.0,1.9,0.9,3.5,97.70833333333331
31.2,34.0,21.2,1005.3,59.0,1.9,0.9,3.5,80.70833333333333
29.4,35.4,19.8,1006.2,48.0,1.9,2.8,3.5,81.625
28.9,33.1,18.4,1006.0,47.0,1.9,2.2,5.4,65.375
25.7,28.6,17.3,1006.1,78.0,1.9,2.2,5.4,141.95833333333334
26.2,30.2,16.0,1009.0,50.0,1.9,0.9,3.5,162.875
26.6,30.5,14.8,1009.8,57.0,1.9,1.9,3.5,115.70833333333331
23.8,27.6,14.6,1012.8,61.0,1.9,0.9,3.5,49.333333333333336
23.9,27.7,12.8,1015.4,52.0,2.6,1.9,3.5,107.33333333333331
24.0,28.8,12.0,1015.1,60.0,1.9,1.9,3.5,185.08333333333331
24.0,28.2,12.8,1014.7,60.0,1.9,0.9,3.5,249.5
23.1,27.6,12.8,1011.3,56.0,1.9,1.9,3.5,365.75
22.6,28.1,11.0,1012.9,58.0,1.8,0.9,3.5,241.875
22.4,28.0,10.4,1013.8,61.0,1.9,1.9,3.5,176.875
21.4,26.6,9.4,1012.6,61.0,1.9,2.2,5.4,278.3333333333333
20.2,25.2,8.3,1014.8,63.0,1.8,0.9,3.5,156.375
19.9,25.0,9.4,1017.2,72.0,1.4,0.9,3.5,267.0416666666667
20.2,25.2,10.4,1016.8,55.0,1.9,3.1,5.4,286.375
18.8,25.7,9.0,1019.7,69.0,1.9,0.4,1.9,302.4583333333333
16.7,23.8,4.8,1018.6,65.0,1.9,0.9,3.5,163.0
17.3,21.6,5.8,1017.7,61.0,1.8,1.3,3.5,157.375
15.7,23.4,8.2,1018.4,72.0,1.9,0.9,3.5,199.91666666666663
17.7,19.6,10.4,1017.2,83.0,1.8,4.1,7.6,298.4583333333333
15.5,19.9,12.1,1017.4,97.0,1.4,3.1,5.4,264.9166666666667
16.1,18.6,11.0,1014.7,88.0,1.9,3.5,5.4,404.5
10.8,14.0,3.8,1019.1,88.0,0.6,0.9,3.5,164.75
9.8,13.0,5.4,1021.0,92.0,1.1,1.9,3.5,376.9166666666667
12.7,15.8,7.3,1012.4,90.0,1.0,0.9,3.5,0.0
13.0,15.6,5.7,1012.7,86.0,1.1,0.9,3.5,57.0
12.1,14.8,5.5,1016.0,86.0,1.0,0.9,3.5,205.125
13.3,17.0,5.8,1017.2,79.0,1.6,3.1,5.4,214.125
11.8,23.2,3.7,1013.2,91.0,0.6,2.2,3.5,315.7916666666667
14.6,20.0,3.5,1011.4,72.0,1.3,1.3,3.5,322.25
15.6,20.1,8.8,1011.6,71.0,1.8,1.9,3.5,246.04166666666663
13.3,19.0,7.9,1007.4,64.0,1.8,11.7,18.3,200.91666666666663
17.3,21.6,5.8,1014.8,68.0,1.8,0.9,3.5,99.5
17.9,22.0,6.9,1013.6,74.0,1.4,1.9,3.5,143.91666666666666
15.6,22.4,10.2,1015.9,83.0,1.9,3.1,7.6,100.25
19.1,24.6,5.6,1013.3,53.0,1.8,1.9,3.5,165.0
19.3,25.2,5.1,1013.7,53.0,1.8,1.3,5.4,116.45833333333331
20.1,25.0,6.7,1013.6,51.0,1.8,0.4,1.9,143.0
20.8,27.0,10.0,1013.6,50.0,1.9,3.1,5.4,231.125
20.0,25.1,9.5,1006.8,51.0,1.9,4.1,9.4,218.66666666666663
20.7,25.0,8.7,1007.7,45.0,1.9,0.9,3.5,211.0
22.1,25.6,9.8,1016.0,51.0,1.9,3.5,3.5,52.208333333333336
17.8,26.5,10.6,1018.6,71.0,1.8,6.5,7.6,187.5
20.3,25.1,9.1,1016.0,49.0,1.9,4.1,5.4,68.91666666666667
21.2,25.2,8.6,1016.8,49.0,1.9,1.3,1.9,123.125
22.4,26.4,9.7,1016.1,48.0,1.9,2.8,3.5,120.91666666666669
22.2,28.3,12.8,1015.4,61.0,1.9,5.0,5.4,119.41666666666669
25.7,30.0,10.9,1013.0,47.0,3.1,3.1,5.4,110.70833333333331
25.8,30.4,13.2,1012.0,41.0,1.9,5.6,9.4,138.5
25.1,30.8,14.4,1012.2,47.0,1.9,4.1,5.4,39.29166666666666
29.1,33.0,16.7,1006.9,59.0,1.8,2.8,5.4,116.625
29.5,33.0,18.8,1004.1,56.0,1.8,5.0,7.6,163.0
31.4,35.4,19.3,1005.4,50.0,1.8,3.1,5.4,109.45833333333331
30.2,35.4,18.9,1005.7,38.0,3.1,6.9,9.4,103.08333333333331
29.9,34.0,16.4,1006.3,44.0,1.9,1.9,3.5,208.83333333333331
31.2,35.4,18.6,1007.3,34.0,3.1,4.1,5.4,103.83333333333331
32.4,37.2,16.7,1006.2,33.0,1.9,1.3,3.5,111.5
33.8,38.0,26.4,1004.2,30.0,2.6,2.2,5.4,98.58333333333331
32.4,37.8,20.4,1005.2,26.0,2.6,2.8,3.5,101.79166666666669
33.6,38.3,26.0,1006.4,28.0,1.9,0.9,3.5,89.875
33.6,41.0,20.0,1002.8,36.0,1.9,0.9,3.5,114.45833333333331
34.4,40.1,21.6,1001.2,28.0,3.5,1.3,3.5,79.0
34.1,39.4,18.3,1002.0,30.0,3.1,1.3,3.5,123.58333333333331
33.3,42.1,23.6,1000.4,45.0,1.9,6.9,9.4,130.625
33.8,36.8,23.5,999.9,47.0,3.5,5.9,7.6,90.5
33.4,36.8,23.6,1002.8,50.0,1.9,1.9,3.5,55.41666666666666
33.9,37.5,20.6,1004.4,41.0,3.5,2.2,5.4,108.33333333333331
33.4,36.9,22.3,1002.8,47.0,3.5,5.0,7.6,120.70833333333331
33.8,36.6,22.4,1003.0,46.0,1.9,3.7,7.6,117.375
38.3,42.9,23.8,996.3,31.0,2.6,2.2,3.5,79.0
37.1,43.1,21.5,997.7,44.0,3.5,3.5,3.5,133.70833333333334
36.1,43.1,26.7,997.3,39.0,1.9,0.9,3.5,87.08333333333333
37.2,40.9,25.4,997.2,40.0,1.9,2.8,5.4,65.16666666666667
36.1,40.9,24.8,994.5,30.0,3.1,5.0,7.6,83.58333333333333
33.7,40.6,20.4,994.6,38.0,1.9,2.8,3.5,86.91666666666667
34.1,37.4,21.8,998.5,49.0,3.1,0.9,3.5,103.16666666666669
34.5,38.1,22.1,997.3,52.0,1.9,0.9,3.5,119.70833333333331
34.7,38.1,23.0,997.4,54.0,1.9,2.8,3.5,124.25
39.1,41.0,37.6,998.8,32.0,2.6,2.2,5.4,44.79166666666666
37.9,41.4,23.1,998.5,32.0,3.5,1.9,3.5,71.95833333333333
38.1,41.8,23.7,997.3,27.0,1.9,0.9,3.5,17.5
38.8,42.6,34.0,996.2,27.0,3.5,3.1,5.4,76.20833333333333
38.7,43.0,26.8,995.5,29.0,1.9,3.5,3.5,84.33333333333333
38.8,43.0,26.8,995.8,33.0,3.5,4.4,5.4,84.20833333333333
36.1,42.6,27.8,999.2,45.0,1.9,5.6,7.6,64.45833333333333
38.1,41.8,26.4,996.9,40.0,1.9,3.5,5.4,80.54166666666667
35.7,41.8,25.4,999.0,43.0,1.9,3.1,5.4,58.083333333333336
30.2,32.7,22.7,998.2,68.0,1.8,0.9,3.5,54.66666666666666
31.3,33.1,21.6,998.1,63.0,1.9,1.9,3.5,78.54166666666667
31.6,35.6,22.6,1003.0,60.0,1.9,4.1,11.1,73.0
34.3,38.0,23.8,999.7,62.0,1.9,5.4,5.4,65.875
35.0,37.4,25.4,1000.4,58.0,1.9,6.1,7.6,72.41666666666667
33.8,37.4,26.3,996.8,69.0,1.9,1.9,3.5,71.29166666666667
29.9,32.6,22.6,998.6,75.0,1.9,3.1,3.5,184.66666666666663
32.3,34.6,23.6,997.9,71.0,1.9,2.2,5.4,146.20833333333334
35.1,37.1,26.1,1002.0,59.0,1.9,5.6,7.6,112.29166666666669
35.0,37.6,26.3,999.0,59.0,1.9,3.1,5.4,60.625
31.7,35.3,23.9,999.2,71.0,1.9,1.9,3.5,57.04166666666666
34.2,36.0,24.0,998.7,62.0,1.9,4.1,5.4,81.125
32.4,36.0,24.6,999.4,69.0,1.9,1.9,3.5,197.66666666666663
30.9,35.6,21.7,1002.1,82.0,1.9,0.9,3.5,160.75
28.4,33.6,22.4,1002.0,84.0,1.4,0.9,3.5,99.375
30.7,32.7,23.5,1002.6,77.0,1.9,3.1,5.4,123.875
29.8,32.7,23.1,1001.3,81.0,1.9,4.1,5.4,131.41666666666666
29.8,33.4,23.6,1004.5,81.0,1.9,2.2,3.5,38.16666666666666
30.9,33.9,23.7,1004.6,74.0,1.8,4.1,5.4,42.54166666666666
28.6,33.9,23.2,1004.1,86.0,1.9,0.4,1.9,35.791666666666664
29.3,33.4,22.8,1000.2,82.0,1.9,1.9,7.6,25.08333333333333
32.7,35.0,23.5,999.1,72.0,1.9,0.4,1.9,45.833333333333336
31.0,35.0,24.1,1001.3,80.0,1.8,2.2,3.5,33.708333333333336
27.1,33.9,22.0,999.5,87.0,1.9,2.2,5.4,26.416666666666668
32.7,34.8,22.6,997.7,69.0,1.9,0.9,3.5,30.666666666666668
34.4,35.8,24.6,997.7,64.0,1.9,1.9,3.5,29.95833333333333
33.3,35.6,23.4,998.0,62.0,1.9,6.5,7.6,23.875
30.1,35.6,25.0,1001.4,80.0,1.8,3.7,14.8,22.33333333333333
31.1,35.6,21.8,1002.5,69.0,1.9,4.1,5.4,25.08333333333333
32.8,35.8,24.5,1000.2,67.0,1.9,3.5,5.4,66.79166666666667
30.4,35.8,24.5,1002.6,77.0,1.9,1.9,3.5,64.875
33.6,36.5,23.5,999.7,63.0,1.9,0.9,1.9,47.583333333333336
32.5,35.6,25.2,1003.3,66.0,1.9,0.4,1.9,33.5
33.1,35.7,24.0,1002.1,64.0,1.9,3.1,5.4,43.04166666666666
33.2,35.7,24.1,1001.2,65.0,1.9,4.4,5.4,38.41666666666666
34.1,37.3,23.9,1003.6,59.0,1.9,2.2,5.4,49.29166666666666
33.8,37.1,23.4,1005.5,62.0,1.9,1.3,5.4,22.83333333333333
34.7,38.0,24.8,1002.0,55.0,1.9,6.1,9.4,24.291666666666668
34.4,38.0,24.6,1001.2,57.0,1.9,5.6,7.6,25.291666666666668
34.0,38.0,23.0,1006.9,55.0,1.9,3.7,7.6,41.875
32.6,37.2,23.4,1006.8,65.0,1.9,5.0,11.1,50.583333333333336
31.9,36.0,23.8,1005.6,69.0,1.9,3.1,7.6,44.41666666666666
25.6,32.1,22.3,1001.8,93.0,1.9,5.0,5.4,38.25
24.8,29.3,19.6,999.2,99.0,1.9,0.4,1.9,57.208333333333336
26.8,32.2,23.2,1004.5,90.0,1.9,3.1,5.4,42.875
25.6,29.0,23.2,1003.3,98.0,1.9,2.8,7.6,41.208333333333336
29.7,33.1,22.6,1006.2,71.0,1.9,2.2,5.4,43.333333333333336
30.5,33.7,22.6,1005.1,70.0,1.9,0.9,3.5,41.875
31.2,34.0,23.3,1004.6,66.0,1.9,1.9,3.5,0.0
30.8,34.1,22.7,1005.3,66.0,1.9,2.8,5.4,0.0
24.8,29.6,20.8,1009.5,87.0,1.9,2.2,5.4,45.75
22.1,27.0,20.3,1010.7,98.0,1.9,3.5,3.5,70.70833333333333
21.8,23.2,19.5,1009.6,99.0,1.9,5.2,7.6,51.79166666666666
26.8,30.8,18.4,1011.4,71.0,1.9,0.9,3.5,0.0
27.3,31.0,18.4,1010.9,69.0,1.9,1.3,5.4,11.583333333333334
27.7,31.9,18.8,1009.9,69.0,1.9,0.9,3.5,13.0
26.8,32.2,16.6,1013.1,72.0,1.9,0.9,3.5,156.0
25.9,30.6,16.7,1014.2,75.0,1.8,1.3,3.5,232.54166666666663
23.3,30.6,16.5,1015.4,81.0,1.9,2.2,5.4,185.5
23.6,28.0,16.1,1015.4,71.0,1.8,0.9,3.5,282.1666666666667
22.4,27.6,12.0,1014.2,51.0,1.9,2.2,5.4,257.6666666666667
22.7,28.6,12.0,1015.8,55.0,1.8,0.9,3.5,166.875
21.4,27.0,10.7,1014.1,58.0,1.9,1.3,3.5,215.5
21.3,27.4,11.6,1013.2,47.0,1.9,2.2,5.4,187.54166666666663
22.1,27.0,11.9,1012.8,49.0,1.9,0.4,1.9,152.04166666666666
21.1,27.4,10.1,1011.2,59.0,3.1,0.9,3.5,141.41666666666666
19.7,27.4,9.6,1013.9,65.0,1.8,0.9,3.5,91.75
19.2,25.6,9.8,1014.9,69.0,1.8,0.9,3.5,99.91666666666669
19.4,23.5,11.4,1014.4,49.0,1.9,3.7,7.6,119.70833333333331
17.8,23.5,10.3,1016.2,64.0,1.8,2.2,3.5,110.875
18.4,23.7,9.0,1014.6,68.0,1.4,0.9,3.5,200.33333333333331
18.6,25.4,10.6,1015.6,42.0,1.9,4.6,7.6,25.08333333333333
17.9,22.1,9.0,1014.7,51.0,1.9,1.9,3.5,57.083333333333336
14.1,22.4,9.2,1014.3,83.0,1.0,0.9,3.5,188.04166666666663
13.9,18.7,8.6,1016.2,78.0,1.8,2.8,3.5,310.25
13.2,18.3,8.4,1015.3,82.0,1.8,1.9,3.5,375.7916666666667
10.9,14.0,7.0,1019.3,86.0,1.0,2.2,5.4,223.25
12.6,15.7,7.4,1017.8,80.0,1.0,2.2,3.5,248.95833333333331
15.8,20.7,7.8,1016.5,55.0,1.8,3.1,9.4,441.4166666666667
